daily_views_log1p,scrap_rate (%)
2.6799,0.0
3.3646,3.5813
3.2504,2.957
2.7378,3.542
3.6796,1.9074
2.0877,0.0
4.8071,2.8836
3.3997,0.157
3.4195,0.3759
2.874,1.4963
3.391,2.9247
3.6507,1.3333
0.5868,2.1352
3.8003,4.2484
3.5078,1.9305
3.7377,1.9512
4.1223,2.9654
3.1061,1.9531
2.2094,0.271
4.6887,1.5574
3.5279,3.3439
4.8154,1.3072
3.0419,2.5344
3.3032,1.5267
3.981,3.6685
2.7483,3.0827
3.9063,3.4457
3.2407,2.2472
4.262,2.7162
4.2293,0.821
3.0343,0.0
5.3947,4.9123
3.4075,2.447
3.2108,0.8403
1.8911,1.5625
1.3385,1.9531
4.2677,2.4365
3.3507,1.7378
4.5136,4.1898
2.2938,0.9756
3.7478,3.7931
5.2331,3.9571
4.9809,2.6124
4.3098,3.8911
3.6388,3.856
3.9094,2.0464
5.1502,5.2041
3.7955,1.341
2.6635,2.3055
4.899,3.9526
5.0926,5.1728
1.9169,0.0
3.922,1.443
4.3658,4.2279
4.991,5.077
4.1929,2.0811
6.2117,5.656
2.6339,2.7624
2.8904,2.7682
3.0445,1.25
3.989,3.0189
5.6012,5.0046
6.2409,5.4001
4.2413,2.4331
3.7391,3.0086
1.179,0.9294
2.6827,3.8991
2.7489,2.1368
5.0027,2.3256
3.5035,1.432
3.922,2.2727
4.1488,5.0401
4.4296,3.8601
3.9635,2.4896
2.6863,0.9434
2.9975,0.7505
3.2023,3.7406
6.4144,1.9029
2.7238,3.01
3.8902,4.4944
2.2736,1.5132
2.3344,1.2618
3.696,0.3636
0.6084,0.8621
3.5264,1.2121
6.3177,5.0349
2.8648,1.0989
2.7726,0.8
4.5685,1.2579
3.1254,2.4735
3.5884,0.6689
2.7335,1.5695
2.7132,0.0
4.4926,3.8804
5.1137,0.8643
2.7681,0.7974
2.4904,0.993
4.4675,3.1509
3.8679,4.5364
2.6523,2.0833
5.1087,4.6987
3.7783,1.8048
3.4434,0.9709
4.5311,4.4323
3.6843,1.4052
3.4696,2.4096
2.8467,1.1848
3.8412,1.0969
3.2421,1.9635
3.6795,2.589
3.4397,1.0651
2.8449,2.1605
4.8675,2.4888
2.5433,3.7915
3.4782,4.7771
4.6022,5.9595
2.6977,2.2222
4.1265,1.9822
3.0064,1.1152
5.5607,5.7432
2.6554,0.8306
2.6705,2.1526
2.532,0.4545
4.2561,3.931
4.5584,2.118
3.2357,2.6612
5.2021,2.7678
3.5756,0.4115
5.7194,2.6938
2.3826,0.6356
5.0168,2.3121
3.9093,4.3721
4.7335,4.3003
5.1941,2.7344
4.3208,4.9383
2.541,0.6579
3.8544,2.5974
5.2465,5.0291
4.5806,3.2544
2.9153,2.3438
1.4771,3.8889
4.4682,1.8561
2.9724,3.527
2.4423,0.5291
4.8114,4.0268
4.6781,1.4388
7.0326,3.3186
4.5623,3.2349
3.0095,0.5764
3.4232,0.0
3.5927,0.3774
3.436,0.4158
3.8054,1.6064
1.4821,1.7291
1.6138,1.3661
0.7484,0.0
5.2142,2.8906
3.2861,3.8851
4.4713,3.1611
5.1829,3.7246
2.582,4.0293
3.2557,1.7544
2.2615,1.6155
3.4965,1.9886
4.4093,3.518
3.9202,0.3571
5.2618,2.9974
4.3326,4.0875
3.7054,3.9916
4.4236,3.4677
3.0848,1.7429
4.24,2.3438
3.4033,1.7204
5.1652,2.5851
6.1663,4.4872
4.4308,2.1084
4.3424,3.3675
5.1138,6.1388
4.8087,1.841
5.8377,1.8129
3.5857,1.3158
4.4678,4.2553
3.8898,3.9666
1.9701,1.8519
2.3113,0.6046
3.9318,2.0
4.4593,5.1282
2.8681,2.184
3.6254,3.3684
1.6659,0.7519
4.4998,2.4719
4.8925,3.3477
3.5179,2.1834
2.6568,0.0
4.4852,4.5175
3.6243,0.3044
3.2728,2.0202
5.0993,0.5525
4.2747,0.6048
4.6274,4.9383
2.7387,4.1475
4.7934,2.8242
4.2644,2.3173
6.8408,4.3353
2.676,1.9455
2.1511,0.8897
3.7402,1.5365
2.7726,2.9167
5.0724,4.4849
4.0511,3.5422
5.3465,2.6332
4.3366,4.1237
4.2939,4.3994
3.7961,5.0
4.1544,1.3667
4.4145,2.3385
4.7362,0.0
2.5455,0.0
4.992,4.8922
3.6428,1.0753
2.2954,0.8
5.3976,5.3972
2.0402,1.1494
5.0633,4.5969
3.7788,5.3452
4.4765,4.6903
4.3125,6.4856
3.7506,3.7199
4.3644,1.2887
0.8005,1.9704
6.0004,1.6856
4.382,0.0
5.0938,3.0466
4.3459,5.2521
5.1708,3.3938
2.5867,1.7442
5.1481,5.0649
5.7943,4.4283
2.8571,1.4337
2.3026,0.7407
3.5046,2.2727
2.2192,0.0
4.8737,3.0303
6.5662,3.9982
3.0445,2.3077
3.0123,0.0
2.1322,0.0
4.0741,1.0381
2.0374,1.9769
5.7301,4.2345
4.2174,1.7094
4.6353,4.9287
3.9588,3.184
2.5963,1.3019
4.7707,3.1339
3.6177,2.7586
3.2645,2.3179
4.1542,1.5949
3.1196,3.7815
3.8379,2.9874
1.8676,0.6024
3.5071,1.5456
3.4834,0.0
3.9585,3.8925
3.6082,2.7855
4.7005,3.6697
6.3137,1.7995
4.4809,2.4338
4.7005,3.555
3.5179,1.7467
2.8423,0.4127
4.4079,4.2164
1.9062,2.381
4.459,5.5035
4.0013,2.0704
3.0016,1.2308
4.294,0.722
3.1293,2.2876
3.5038,4.3424
4.6333,0.7013
4.5609,2.8169
2.4726,3.2108
4.2485,3.442
6.6936,3.6124
5.2459,2.1553
3.7338,0.8689
3.1807,4.4755
2.6577,4.4739
3.9721,1.3711
4.3233,3.1066
4.1722,1.7897
5.0858,2.1333
3.618,1.016
4.1821,3.3592
3.9332,0.9986
2.0149,0.0
4.4868,5.7875
4.4196,4.2097
4.1966,2.2327
2.857,1.9391
3.9632,1.4528
4.2312,1.1799
4.6194,3.6984
4.7979,2.4948
2.2875,2.2599
2.783,6.8681
2.5182,2.5048
3.2099,0.4673
2.9643,0.6477
3.6376,1.4742
3.5513,4.6414
3.8096,1.2085
4.1378,2.4324
3.7058,2.9178
4.7005,0.6553
3.9078,3.452
4.4757,1.8092
3.621,0.0
2.9672,0.339
4.5529,2.4201
4.5478,6.9164
3.0552,3.9872
3.7887,4.9383
4.0174,3.2587
5.906,5.7793
4.4738,3.4607
1.5015,0.6667
3.5811,3.736
4.9003,4.875
4.1555,2.5028
4.4356,2.9576
5.0867,3.1083
2.4681,0.0
1.9205,1.1321
3.1276,5.4167
2.8304,3.5821
2.5784,1.4493
3.2708,3.9474
2.3308,0.0
5.6621,5.7251
4.7605,6.1678
3.1499,3.7313
3.8026,3.8113
4.8637,0.7782
4.714,0.905
3.6085,1.4994
3.7545,1.0274
3.7002,2.6792
4.2523,0.9361
3.8526,2.551
3.1808,1.7341
4.9061,3.3969
4.0767,4.8318
5.1962,1.9026
4.3175,1.8018
2.9178,1.4286
3.434,3.2143
4.151,2.8
5.4556,4.9771
3.4937,1.4245
4.2437,2.6699
3.0663,0.3759
2.3422,3.8855
6.9986,3.3569
4.553,1.1535
2.2548,0.0
3.8867,3.2461
6.689,3.7259
3.0377,1.6787
4.9077,7.134
3.7842,0.6977
3.3057,3.0457
3.543,1.4894
4.2836,0.6993
5.3854,2.5322
2.8034,2.5806
2.9806,3.3868
3.8098,2.9126
3.8187,1.8367
3.9964,3.3708
4.9278,5.3872
3.9455,1.1834
6.4976,2.997
4.2645,4.8298
5.6156,3.1498
2.9178,3.0769
4.7677,3.5517
3.1872,2.6976
3.2896,1.6129
1.4543,0.2959
3.5434,3.2258
4.0826,3.6021
6.6691,2.6205
3.0276,0.0
3.6463,3.869
4.6299,2.4631
2.9537,4.8544
4.5358,4.117
6.0058,3.4835
5.3206,5.9787
4.2478,3.7983
4.3621,1.5636
3.5487,4.9358
2.1542,0.905
1.6723,4.375
3.4165,2.611
5.0824,3.0259
2.7874,2.1875
5.547,4.1855
3.9859,2.0505
2.3424,0.9346
2.7508,1.8824
7.4772,2.8309
3.4869,1.8182
3.9448,2.4671
5.0421,4.8765
4.0141,3.6782
1.8726,1.3972
4.4108,2.7664
3.5695,2.8986
3.8686,2.6667
2.785,0.6579
5.143,2.4151
2.6864,3.6554
3.4657,0.0
4.2437,1.9417
4.4152,5.0184
3.2908,2.2847
4.7567,2.8483
5.7167,6.5863
3.0308,1.4493
1.7806,1.7672
4.6721,3.2258
2.5894,3.7681
3.6332,3.6199
4.7557,0.6508
3.1398,2.735
3.4878,1.8018
3.3465,2.1127
3.3411,2.4465
3.5396,1.6304
3.1728,0.2186
3.6889,1.8315
4.4824,3.3282
6.9306,4.5127
3.6558,0.2653
3.0819,1.2821
1.4564,0.0
1.3528,0.0
2.744,0.9819
3.8286,8.3333
4.3573,4.1531
2.9054,0.0
3.1721,1.875
2.1948,4.6832
2.8507,0.6135
2.6977,1.8254
4.7669,3.5272
4.7255,7.2843
2.598,1.005
7.2874,3.7007
2.6256,1.8868
3.3528,0.0
4.272,0.7075
3.2418,1.9272
3.6462,1.3541
4.6753,0.7528
3.0336,1.3793
4.8913,3.5951
4.6858,2.2346
4.3676,3.1193
8.1397,2.9327
3.8267,1.2146
1.7831,0.3484
4.7471,3.0635
1.743,0.4662
6.0964,5.0684
2.9014,0.4651
1.3092,0.0
3.7612,1.3605
2.4162,1.495
3.1748,5.3691
3.4055,2.1041
4.9025,2.1515
3.5197,1.6644
1.5049,0.8989
1.431,1.0135
4.7507,3.8517
2.6586,2.8571
3.7859,2.1429
3.9737,2.439
3.8067,3.4091
4.5901,1.9658
2.8526,3.2653
4.2437,0.4854
3.4458,2.9463
3.2405,1.8519
2.6921,1.7208
2.4003,1.3123
6.4956,3.6159
3.4523,2.5701
3.5537,0.3466
3.3563,2.1346
2.1096,1.4208
3.8411,4.2725
2.5377,0.6812
4.4088,0.616
3.086,0.5319
3.5509,2.8018
3.9419,5.5973
2.2082,1.4925
5.1663,1.7214
4.2641,1.2839
5.4944,0.7978
4.4902,5.2089
3.7524,3.6036
4.8903,1.1905
4.7108,3.2191
3.3964,1.1551
2.4423,3.4632
3.4102,0.9317
2.7246,0.3509
5.4323,2.5988
4.382,4.1139
5.2963,2.6687
3.0253,2.381
4.9428,2.8343
2.7621,1.1236
3.2504,0.8065
4.3003,4.5982
3.553,3.9312
4.2517,2.0867
2.5526,3.9533
4.0721,1.8913
2.4447,0.8351
2.7515,0.7576
4.5337,1.1944
3.4676,2.6515
3.2224,3.7851
4.3186,4.9883
3.2045,1.5106
2.6985,4.6392
4.0086,1.4531
1.6757,3.7182
2.7489,0.0
2.9863,2.7453
1.9702,0.838
4.708,2.3141
2.3728,3.5408
4.5545,1.0963
2.9402,5.1339
3.6463,0.0
3.4359,1.1742
4.2918,1.387
4.4961,4.2763
3.6898,5.1232
3.3202,0.8333
3.8087,2.268
2.3914,0.0
4.3021,5.4902
3.7283,1.1242
2.3289,2.1583
1.9994,0.5164
4.3854,1.3457
7.3866,3.4755
4.315,0.254
3.1905,2.5751
4.785,4.1281
3.0498,1.9337
6.9237,4.2854
4.3438,2.0833
3.2417,2.7764
6.2044,5.0834
3.4187,1.5936
3.6623,1.1858
3.9868,4.0
3.3734,4.1754
4.2425,2.4301
4.8144,2.6766
3.1953,1.4235
3.8918,4.6875
4.2317,1.1057
5.5625,4.4174
4.654,1.9231
3.989,3.3962
5.3605,4.0126
4.0678,2.8607
4.2088,4.5267
3.917,5.0761
4.1569,2.7833
5.3112,3.2738
4.9966,6.3119
2.4252,0.4219
3.7377,0.3049
7.0545,3.5795
3.7822,4.5273
3.4412,3.5219
4.5842,3.8095
3.4807,3.8934
2.4829,2.2503
3.499,3.2468
2.9471,1.662
4.8497,4.4988
4.9765,1.415
1.7117,0.4843
4.5981,2.1363
3.6853,4.7794
4.2341,2.521
8.0831,3.1437
3.2255,2.4138
5.1025,6.0315
2.5502,0.2016
3.1246,2.7915
2.6124,0.0
3.1958,2.1341
3.7577,3.7037
5.763,2.4242
5.0233,3.2105
6.141,2.7616
3.6341,2.7123
5.0899,5.0736
4.9429,3.0699
2.1459,1.0189
5.7939,5.767
3.3552,0.5425
3.1781,3.4783
5.9472,6.9327
4.0399,0.4215
5.3919,4.3453
1.5436,1.194
3.1987,1.5957
3.4597,1.8727
3.5866,3.5055
4.4694,3.3604
4.0043,0.6192
6.5042,3.7227
4.0662,4.0698
3.3581,1.4423
3.1436,0.8451
3.7363,2.4423
3.7689,0.7874
3.1065,2.7818
5.0362,4.7238
4.05,2.6596
5.7111,1.6125
3.988,2.6233
3.091,2.2109
4.9452,0.5376
4.0188,3.1614
4.1558,4.034
4.3397,2.8512
4.2627,1.3265
2.6623,2.754
5.071,4.6316
3.6193,6.0241
3.0681,1.7738
2.589,1.7094
4.181,1.4412
3.8022,3.0441
5.3303,0.6083
3.7424,2.6699
4.0812,4.908
3.7612,4.2857
2.9957,1.6842
1.7554,3.5181
2.7372,1.5385
7.5251,4.0583
4.7806,2.9918
3.5207,5.3927
3.9043,1.9244
2.4226,0.7487
4.2599,1.7192
3.2426,2.71
2.7574,2.3083
4.3914,1.2539
3.8235,1.9711
3.5243,3.2629
3.98,3.1517
4.0791,1.5649
4.2493,3.6203
4.3863,4.508
3.9512,5.075
3.3513,3.352
2.7231,3.1139
1.8487,1.848
4.3438,5.4511
4.4466,4.3478
3.8286,2.7778
4.7108,1.751
5.2781,4.1026
4.0646,3.1276
4.9459,1.7192
5.1009,2.145
3.5858,1.4252
3.7925,2.6092
3.7899,3.7572
3.6401,3.466
1.5475,4.4872
2.8744,2.5641
4.1711,5.2632
4.4708,3.8017
4.5109,1.1111
0.9681,1.1236
4.2996,1.5291
5.5905,2.8373
3.6738,0.0
5.5386,1.5789
4.6938,4.618
4.3595,0.9251
4.5136,3.6011
3.8881,0.7605
2.6833,4.401
5.7814,6.6298
4.5602,2.9598
4.0733,4.1847
3.9075,2.7959
4.3368,2.2426
5.6912,3.2741
5.0622,1.7125
2.3734,0.0
5.4918,5.3151
3.7466,0.3021
2.6731,3.8202
3.7314,3.7468
3.9402,2.5496
3.8517,3.1008
4.8659,3.6051
5.3653,3.5906
4.0716,2.3379
3.9318,2.2857
4.1163,0.0
3.817,2.099
2.2781,3.3877
2.5494,1.3559
3.8098,1.7799
4.7413,4.1947
2.669,3.5382
2.4752,1.0601
5.8299,6.2026
5.1777,4.0743
1.7677,0.6787
4.6603,3.6624
3.8684,2.4248
3.5786,0.8446
2.9657,4.4444
4.4651,3.4052
4.2767,3.0986
4.4387,0.3984
3.8161,0.6431
4.5617,1.0554
4.5799,5.3541
2.9382,0.0
3.7562,0.6838
2.6445,1.0924
3.3604,1.199
4.3811,1.0721
4.9416,2.3981
5.0173,5.0303
1.8718,1.1364
4.8189,1.5805
5.2165,6.4692
2.7836,2.3256
3.1781,2.6465
3.5635,3.3333
2.9776,0.8584
3.1754,3.1335
4.2384,2.0672
3.973,2.3973
5.1215,5.1185
4.448,4.7901
3.0419,1.2535
2.598,0.5025
3.3008,0.7653
5.0495,2.3918
4.086,1.2821
4.8392,2.5381
3.8827,1.6355
4.0405,1.7903
4.3419,3.4937
3.7515,1.002
3.4613,3.2407
2.8319,1.8569
5.2964,2.4544
4.3767,2.5455
3.7124,3.8141
2.3709,2.138
4.0112,3.6891
5.4506,1.8542
1.7954,0.2188
1.1249,1.7751
4.3108,4.5351
3.189,2.3146
4.6591,2.2609
6.2378,3.0458
3.208,1.4587
2.3212,1.3605
7.6783,2.7094
3.7115,0.8351
4.2089,5.3879
4.6444,3.5368
3.4843,1.8987
3.6684,1.4963
2.9917,2.3256
4.0082,3.348
5.9322,0.5319
2.9078,0.9119
3.0445,1.4286
1.2552,0.0
2.1911,3.1812
6.9912,4.3033
2.7745,1.6632
3.4757,3.0787
4.1328,4.0268
5.323,2.451
4.1329,5.0058
0.9908,0.0
3.5199,1.9894
1.8784,2.7994
3.685,5.3465
2.3734,0.0
2.8369,3.1128
7.1373,4.4976
2.8134,0.0
3.9197,0.8617
2.8488,0.8197
3.2255,1.7241
4.0407,0.9547
3.0972,1.5054
4.4268,3.2258
2.075,0.0
3.5858,1.6627
3.5264,1.8939
3.0445,0.5556
2.0338,2.1505
2.95,2.3256
4.1638,2.8628
2.4032,4.0936
4.9023,2.994
4.9576,3.5398
2.496,0.5988
4.4473,1.1848
4.383,3.9883
4.1271,5.9016
2.8964,4.4234
3.8799,4.3285
5.1453,4.1479
4.6257,2.8975
4.0325,0.4813
2.8369,0.0
2.6662,1.1494
2.3899,2.7716
3.8067,0.8523
4.7302,6.0731
3.6518,0.9685
5.0822,3.4348
3.6139,2.4615
2.8607,3.1949
4.705,3.0822
4.9221,2.8302
3.9308,3.8988
3.6266,4.8975
4.7005,2.3591
4.5406,1.3477
5.8585,4.9109
5.2513,4.4061
2.2482,0.0
3.7899,3.0829
5.2684,6.9049
4.6236,4.9575
5.0786,3.5515
3.7461,2.1589
3.7519,1.9231
4.6471,0.7607
5.4768,4.2001
2.2542,0.6443
3.6696,1.3699
3.4378,0.1953
4.7561,1.9827
6.7824,4.3813
4.3373,0.1656
5.0263,4.024
7.0442,3.5849
3.6091,0.3711
4.6597,3.0593
7.6237,4.7552
3.9862,4.3519
4.1325,1.087
4.6701,3.5039
4.6913,2.2487
4.7602,0.9967
3.7601,4.8754
4.3468,2.6834
3.2553,0.5731
3.4404,0.4415
2.9957,0.0
2.575,0.8677
2.3877,0.5618
5.4145,5.2379
4.3127,3.6857
2.9346,0.9254
3.4078,0.0
3.5482,3.4568
4.638,4.43
3.3515,1.9802
6.2493,3.5699
3.6795,5.9331
2.7467,2.1807
2.8418,1.8127
3.2526,0.0
2.4867,1.3958
4.0262,3.3737
4.2532,2.7244
4.374,6.636
2.5908,3.829
4.2859,1.7054
4.0451,3.0398
6.7639,1.6416
3.2452,0.9009
4.3809,2.6498
3.6243,1.3699
4.6029,2.5872
4.2403,1.6701
4.2365,4.6455
3.3543,1.9231
3.3259,3.3593
4.5109,1.9444
2.559,1.2903
4.8685,5.2189
7.7931,4.0861
3.7927,2.3055
3.7929,3.7234
4.1225,4.0
4.6959,3.9171
3.9662,2.7708
4.6165,3.7565
3.9158,2.6684
1.8898,2.201
4.4914,0.8499
5.6942,2.3637
3.813,3.0645
3.544,2.1256
4.8863,0.9362
4.1023,3.2379
4.6256,1.5461
3.3284,1.1742
4.4862,2.1155
2.6346,1.4493
4.5038,4.2726
4.0448,1.9608
3.3673,3.5714
3.1331,2.0253
5.0938,2.4366
3.4795,2.4735
4.9508,1.6293
5.7766,1.3472
4.723,0.3363
4.4233,5.5134
3.7427,3.3206
4.8226,1.1587
5.404,2.3886
5.057,3.0249
3.6448,0.737
4.569,2.5611
4.2301,5.1007
4.4636,2.0979
4.805,4.0248
4.1325,0.8152
4.0613,2.0033
2.0096,2.7864
6.5542,2.3926
3.5719,0.7229
3.3499,2.0455
3.0445,1.1364
4.1846,7.9038
3.0106,3.3679
3.5123,2.6354
4.163,3.4773
3.6224,4.5098
2.9251,1.0309
4.7478,2.6239
3.4965,3.267
3.6376,0.6757
3.0647,0.3497
5.2028,3.9905
3.1249,2.9248
3.0036,2.1978
1.7018,0.8304
3.413,1.4599
4.5304,2.8322
4.2873,1.3934
3.9665,2.9923
5.3942,3.3188
4.4481,1.9732
5.5575,2.2595
4.2235,3.7164
5.0011,1.6941
4.9567,3.1086
4.1886,3.0801
5.5755,1.9442
3.7173,3.2567
3.6183,4.4277
4.8781,3.7168
4.8283,1.6129
3.6012,2.8056
5.8477,5.2316
5.628,5.5333
3.2958,2.4291
3.4516,3.386
3.7322,2.2642
3.3591,3.178
2.8248,0.9009
4.3694,4.0293
5.3077,4.3142
2.3407,2.071
4.3016,2.2472
4.6473,4.1626
2.1583,0.4082
2.6662,0.0
4.6085,4.3624
3.4074,2.5696
5.3555,2.1613
2.9979,1.0387
4.2164,5.1337
4.0483,0.8881
2.9363,3.2328
4.5172,4.2318
4.3707,1.5365
2.6634,0.5168
4.2913,3.4692
6.1371,3.5988
3.313,1.0076
3.3172,0.627
2.7107,3.1339
7.4155,3.6132
6.0278,4.1719
5.273,2.2091
2.9087,1.6026
3.5821,0.7153
4.3835,4.0149
5.0049,2.7002
3.117,2.6829
4.5227,5.3065
2.0027,0.7092
5.3245,5.5311
3.9442,1.6158
3.4222,1.5337
4.7907,2.384
2.6492,0.0
2.7408,0.627
5.0271,2.4812
5.3925,1.9429
3.2834,0.8658
2.2192,1.4634
4.8758,3.2671
4.2015,1.6287
4.327,3.5373
5.8025,3.2108
5.5629,2.0363
5.0805,5.8981
4.7851,1.2034
3.7305,4.1769
5.148,3.02
3.8981,1.4268
4.0445,1.7831
3.0409,1.7375
5.2697,5.2936
5.1266,5.6364
2.4592,1.2195
3.561,3.8012
2.7473,0.6849
3.8918,2.2436
3.7317,0.6135
3.3592,4.9643
2.7951,3.5503
4.7406,6.1674
1.716,0.0
3.5513,2.1097
6.7424,3.4762
2.7988,1.7682
3.5404,2.6549
3.4689,0.9646
3.5446,2.6022
3.6636,2.2727
3.1781,1.7391
4.3694,4.4872
3.2987,2.6549
4.3141,1.5254
4.9495,4.4254
3.5598,3.8426
3.3298,1.2376
4.5901,3.5897
4.6603,1.2739
2.8134,1.0638
4.5951,2.8571
4.1458,3.1278
4.8085,2.4682
3.2288,1.3746
2.4474,1.107
4.1054,1.3966
4.0707,2.6042
5.2006,6.5142
3.3411,2.3853
2.7395,0.8287
1.9273,1.6484
4.3047,4.2315
4.944,1.6746
3.6262,2.9297
5.0477,4.7414
2.4545,3.8554
3.5766,2.1583
3.3474,3.2292
6.1688,2.8139
3.6919,3.3742
3.84,2.7746
5.3122,3.0723
6.0479,4.5001
3.6779,1.3529
3.8486,2.0218
2.6445,0.0
4.852,3.6089
7.2173,3.9706
4.4585,0.8368
4.5406,2.0665
2.7231,1.9169
3.8642,1.8367
5.5249,2.7288
2.4567,0.0
2.5588,0.6711
3.16,2.5316
3.6007,1.0526
5.3173,3.6565
5.9277,3.4005
3.7444,2.7682
3.8963,2.765
5.0948,3.6999
4.671,2.0794
4.8101,4.449
5.4741,2.2864
2.3334,2.9284
3.0621,0.5775
5.9952,0.8739
4.5204,5.3645
4.876,1.3067
2.7774,0.0
2.5702,1.1236
3.6484,3.3019
3.4012,1.4778
4.7536,0.5797
3.9778,4.1985
4.5824,2.2394
3.0603,2.459
2.4371,1.4737
4.8912,3.196
4.4324,2.6464
3.3387,0.6689
3.4812,0.7937
4.6926,3.5142
2.9356,1.4019
3.344,4.1463
4.7296,2.6726
4.9733,3.5889
2.4601,1.0989
4.0431,2.9221
3.9775,3.0909
4.6777,5.9289
3.4851,1.1858
2.7334,2.8266
7.2627,4.6088
4.5818,4.6142
2.5319,1.9934
3.1875,3.9139
4.0295,1.1142
4.9558,4.2553
4.9815,6.4363
2.9274,1.2121
5.1441,2.2092
4.8822,4.7591
4.3669,0.5141
5.7419,1.1266
5.1395,2.4116
5.4014,4.7411
3.456,1.9101
3.158,2.9598
7.8505,1.2237
3.9506,2.977
5.2962,2.0144
4.5555,2.6144
4.3784,3.6298
3.479,0.4545
3.2501,2.521
6.1722,4.1471
4.6953,5.7971
4.0699,3.3379
2.6367,0.5141
4.1002,2.4777
1.4476,2.3649
5.4209,4.6446
4.0449,1.0319
2.7923,2.5108
3.1517,3.6313
4.3641,2.3066
2.3571,2.9885
3.6687,0.5236
3.3961,3.2
3.6979,1.4595
3.1084,3.5971
3.2277,5.3517
1.7284,1.8646
3.5487,5.6948
3.0223,0.3937
7.2353,4.3924
4.7052,3.2871
4.1109,2.5397
3.4059,1.4706
2.7049,3.6689
5.2091,3.298
1.4082,1.3453
3.4472,4.0619
2.6741,0.0
3.1987,0.982
4.1064,2.1309
2.8248,2.1622
5.4301,1.7608
1.4613,0.7843
6.0638,2.331
2.1657,2.1084
3.8918,1.0417
3.5486,3.3101
3.7114,1.139
3.6687,3.1414
5.4194,0.7786
3.7125,1.5927
1.4713,0.736
5.771,3.9505
3.007,1.3423
3.274,2.2951
5.1481,6.8182
2.5961,2.6066
4.8798,2.6034
4.5565,4.3324
2.0002,1.956
4.7879,5.0
2.8565,0.4065
3.2771,1.9608
3.1567,0.6888
5.2357,4.9312
5.0962,1.7241
4.0686,2.1978
7.2845,3.3997
6.0535,3.0146
2.9521,1.6129
5.2747,1.7153
3.3686,2.332
4.96,6.5394
2.0383,0.4831
4.9242,2.4405
4.5778,1.973
2.9492,5.3601
2.7183,0.5435
4.3607,4.2846
2.2198,0.625
4.1129,3.1185
4.0174,2.6477
5.5665,4.076
5.0762,3.4206
4.7562,5.5507
3.956,3.252
2.8764,1.4925
7.6618,3.976
4.3924,3.5491
2.3979,0.2778
5.0761,1.4363
2.1253,1.1299
4.2677,2.8426
4.7944,5.146
4.2882,4.8724
5.6003,5.5394
5.7884,4.7619
2.4375,1.5957
4.0146,3.8603
2.466,0.9281
3.8187,2.8571
2.3772,2.046
2.1531,0.0
4.9883,2.1676
6.1776,5.7635
1.9269,2.6217
4.6728,2.9412
3.325,0.0
3.44,2.4845
4.8515,3.3536
1.713,2.0
4.1944,1.5311
3.9042,4.5714
5.6352,4.0042
6.9119,3.8837
2.457,1.8538
3.1854,4.1878
4.0872,1.7073
2.4733,1.5873
4.4886,3.6364
6.4814,2.9606
4.3749,0.7286
3.8137,0.5938
4.3926,6.0297
5.0434,2.8139
4.4238,3.9434
2.8018,0.0
5.3337,1.5519
6.2818,2.8936
4.9254,2.3766
3.1478,1.2821
4.6587,4.1866
3.9498,1.9637
3.8186,0.8636
3.9871,2.6465
2.9394,2.6596
2.0808,2.0376
4.0367,2.451
3.1554,3.2779
2.4204,1.1257
2.265,0.6098
3.0937,1.3966
3.3767,2.2508
4.3781,5.5653
5.1885,5.3308
4.7462,3.3792
3.3866,2.3337
4.8507,3.4258
2.9051,2.7027
2.8332,0.7812
4.0073,0.2924
2.6115,2.2642
4.3503,5.042
3.2308,0.4115
5.0477,4.6552
2.827,2.649
3.543,1.7021
2.0149,3.5503
5.1623,2.5514
2.5455,1.7021
3.0663,1.5038
4.1883,4.2017
3.0508,2.238
3.0351,0.8879
3.2235,3.0303
1.7294,0.237
6.848,2.8693
2.626,1.773
4.0159,3.9614
4.7985,5.4478
4.0707,5.7292
6.9454,3.9374
4.4753,3.2461
4.3047,2.4772
3.1576,4.8223
2.1829,0.8108
1.5733,2.445
2.0985,0.3072
3.8801,1.506
6.7301,4.288
2.8304,0.0
2.9567,0.9677
2.9482,3.1621
3.185,1.0791
4.4754,3.4549
4.4299,4.0197
3.8271,0.6359
4.0893,4.5926
3.9011,1.1257
4.105,3.4731
7.3987,4.0037
5.3673,6.296
3.3354,1.6779
2.3832,3.252
3.2398,1.199
2.0698,1.746
5.1019,3.0612
2.2837,4.9875
3.9998,4.8299
6.9905,3.653
5.5391,2.4697
3.1297,4.1206
2.5722,0.3937
4.254,1.9956
3.4694,3.7807
4.684,5.9701
3.9357,0.5976
4.6165,2.7104
2.7932,1.3043
5.1679,6.5227
4.7507,1.5988
3.8566,4.9296
3.4938,3.2033
2.4672,1.4634
2.624,3.0928
4.3713,1.2583
1.9049,1.6393
1.7183,0.7737
3.8243,1.7857
4.9236,5.4945
3.5086,0.6173
7.0073,4.6301
3.9598,3.7437
3.6358,2.1661
3.7411,3.4722
2.0794,0.7519
5.0123,1.675
2.8904,1.0381
2.9549,0.7326
3.2754,3.2143
3.5156,3.3426
4.5951,6.1224
3.2648,1.3817
4.8442,4.0816
5.0526,3.8603
2.5708,0.6369
4.5716,5.0157
4.6634,1.9048
3.9421,3.5417
4.5466,2.8765
3.2343,1.8223
5.2661,3.8062
4.9628,0.7042
4.6711,3.3505
2.7556,4.0367
4.538,3.2432
3.3894,0.616
4.715,5.6458
4.1213,3.7481
5.1386,5.6578
6.8316,4.3673
2.816,1.6427
3.4261,2.2405
2.5455,0.0
2.7701,0.2674
4.1312,2.8571
2.1859,3.0449
4.0691,6.459
3.4965,1.5625
5.5153,4.9067
3.4514,1.4881
4.0164,5.7667
4.9892,0.6234
2.8176,0.4888
3.6481,1.8717
2.125,0.9195
3.186,0.4975
5.3678,2.0619
6.8153,2.5256
2.6646,5.0164
3.0681,0.0
3.0382,0.6711
3.1641,1.7647
6.8685,2.226
3.568,1.2903
2.1238,0.7463
5.0605,1.0638
3.6939,3.863
7.9701,3.1406
6.0469,3.3453
4.2853,1.0471
2.9594,0.7812
4.3972,3.7396
4.2047,4.5455
3.3322,2.4691
2.3775,0.947
3.2884,1.0336
4.5017,2.9907
3.0762,1.5686
3.6428,5.1075
5.1985,3.5417
6.4763,4.1118
4.1852,2.0909
3.0819,0.0
6.8411,2.4805
3.8214,6.2189
2.7037,3.4722
4.4308,2.8916
4.7005,2.4771
2.8209,0.6263
2.9344,2.139
3.846,1.9406
5.4367,3.4292
4.7812,3.1712
3.7176,0.6224
4.1938,4.1783
2.0082,0.7752
4.4015,0.2864
4.9756,3.1286
2.7036,1.8139
3.712,2.1809
2.7674,2.2346
2.3726,3.6158
5.8608,1.6508
2.9715,1.6432
3.5662,3.935
4.3041,2.4658
3.6045,9.1877
2.9667,2.0672
3.424,1.2953
2.9519,5.643
6.3112,1.3065
4.0898,5.5728
4.6102,4.5226
3.8786,3.9216
2.8987,2.3324
3.3586,0.4505
4.3771,6.5265
4.9381,1.444
4.4998,2.2472
4.4624,4.5781
4.5718,4.2948
1.8453,0.2062
4.295,2.765
3.0937,1.9553
5.905,5.1542
5.0938,2.3663
4.1207,0.6601
2.2118,2.4324
4.0604,3.3918
4.8481,1.7787
4.6381,6.5344
3.8469,5.8824
2.4401,1.005
4.4756,3.2772
4.3378,2.1385
3.3534,1.4493
2.608,1.1364
4.1641,3.4211
5.3521,3.5139
2.8449,5.0754
3.5496,1.1834
4.3758,5.8449
4.6397,2.5227
5.0454,4.2373
1.0365,2.0992
4.912,4.5148
4.4559,3.3212
4.2272,2.5388
3.4172,3.3917
3.6721,1.4493
4.4502,3.1967
3.0673,1.4173
2.8364,1.5743
4.5694,1.8581
4.6165,4.2083
4.2439,4.197
4.1257,1.194
3.1521,0.6873
4.6761,3.15
5.1988,3.7821
5.1623,2.7984
6.3085,4.2191
3.7804,3.5019
3.2253,1.8212
3.9439,2.7281
4.2703,0.1289
4.9401,2.482
4.4751,3.149
3.989,0.0
3.6636,2.0468
3.5094,2.6432
2.6039,1.4047
3.9534,1.413
3.5317,2.7397
4.4463,3.6323
3.2605,0.3741
2.764,1.8349
1.6815,2.0101
3.7809,3.5
3.2864,2.134
5.1668,1.9664
3.943,1.8362
5.0206,1.0797
3.4488,1.0101
3.6217,0.7326
3.7164,2.7859
3.7358,3.1955
1.765,0.6557
4.3108,0.6803
5.0272,5.1155
3.5342,1.002
3.157,2.2222
5.8384,2.5325
3.3859,1.5924
4.8157,2.9119
4.1304,5.2288
2.4204,1.2195
2.2659,1.8519
3.3499,2.6263
5.7441,3.8276
4.9109,5.4998
4.401,0.745
2.3178,2.9412
3.1261,1.6393
5.0287,3.7461
4.7287,4.2038
4.5993,2.4555
4.5261,2.1882
5.2891,4.3111
2.3026,0.6536
4.2463,5.5866
5.63,0.6002
4.1927,1.5337
3.7585,3.0899
3.907,2.5641
5.0897,5.0413
2.896,2.148
3.0315,0.4608
2.7621,1.1236
2.6579,2.0101
3.946,2.0609
5.1524,7.0278
4.8323,3.4423
4.1846,2.5773
3.2079,0.7663
3.25,2.1231
4.0372,2.3952
3.3081,0.0
3.004,2.1739
3.7638,1.5831
1.9319,2.8671
4.879,4.5551
5.3177,4.5251
3.6332,0.4525
5.1171,5.2541
4.3495,2.5348
2.9339,2.2472
3.8326,1.2072
3.9797,2.7211
4.2617,2.0972
3.4648,3.2288
2.3979,1.875
4.4351,3.4069
4.4543,3.5986
3.8695,2.3091
4.6483,1.479
4.1037,3.3578
4.08,1.7199
3.7136,0.5882
7.4764,3.3368
7.5497,4.0754
5.6804,4.2929
4.2434,2.6564
5.4209,5.8562
3.5223,5.6708
3.8774,2.3256
2.5055,1.1111
4.8994,4.1602
0.9545,0.3431
3.6038,0.4418
4.7296,2.8953
4.4761,0.6394
2.9465,2.7719
3.4206,1.1928
5.564,1.9241
4.0151,1.0499
4.1733,0.2235
3.3458,3.9326
2.9909,3.413
2.7473,0.6849
4.4142,2.3921
4.3764,3.6283
5.5981,3.8116
2.9519,1.3123
3.7699,4.2281
3.3833,1.4052
4.4163,4.0175
6.2224,1.1334
3.7728,3.8009
3.8947,4.1543
5.5347,2.7741
3.0964,1.3928
3.157,1.3333
7.135,3.4131
2.9659,0.3195
4.0553,2.9651
4.8057,1.9802
5.9278,3.9523
3.7728,1.5126
3.61,5.2018
4.199,2.1045
3.0513,1.0638
4.9995,4.3741
4.8295,7.28
3.4345,0.71
4.1775,0.9346
3.6251,7.491
7.7566,2.0283
4.6901,3.5229
4.9179,6.1053
1.6754,1.2658
3.6622,3.6061
2.547,0.6536
7.5078,3.0841
3.1423,2.6128
4.7185,2.7027
5.7047,3.7202
6.5935,3.8888
4.5735,4.4172
1.7216,1.9139
4.9608,3.3266
5.9429,3.7114
4.886,4.6055
4.982,4.4545
4.2745,4.886
5.1533,5.9302
3.0612,0.578
3.0733,1.7641
2.5915,0.8097
4.2394,2.1277
2.6835,3.6667
4.2595,2.8662
3.1527,2.2959
5.8798,4.847
4.3524,0.4348
5.0547,1.2841
4.7433,4.0088
3.9318,1.75
2.1501,0.2663
4.8493,1.0683
4.3198,5.1604
2.2687,0.0
4.228,2.7259
3.7281,0.9852
4.6002,0.6526
7.2983,3.7131
2.2136,1.0444
3.4675,1.61
2.9396,1.5228
3.9542,3.2987
3.1781,1.1858
4.3056,1.5198
3.3451,0.9967
2.5294,1.1811
5.2579,2.8056
3.8395,1.3736
2.7598,3.4572
3.885,0.6993
2.0068,0.6826
4.2258,1.9068
2.2484,2.623
4.0254,0.6061
2.7795,0.9191
4.1718,4.047
3.8333,2.2117
3.6624,5.1497
3.4889,2.3622
3.9982,4.2991
2.7726,0.0
3.5725,5.3415
4.3914,1.2539
4.0839,3.3191
4.0091,2.403
3.4553,1.8116
5.7816,5.7914
3.0253,1.7007
6.8131,3.8518
4.9479,2.7703
3.6451,4.3423
2.2773,0.0
1.8396,2.6263
3.8267,3.4413
3.9485,0.5618
3.3429,0.7326
1.2822,0.8439
1.8546,3.0928
4.0604,4.5113
4.5309,3.9199
2.5477,3.3019
4.0496,1.7738
5.0889,3.8717
4.845,3.0303
5.0855,4.0456
4.2786,4.5181
2.5442,0.0
2.2017,0.4975
4.4143,3.0628
3.9971,2.924
3.4699,3.212
3.3895,0.6981
3.2418,3.8544
5.9122,0.9498
3.6199,2.7523
4.3745,5.9184
1.8347,2.0
4.1363,3.4803
4.1722,4.5861
5.3525,1.3596
1.717,1.8919
3.8111,1.3575
4.6279,3.8078
3.8226,4.8447
4.1707,2.519
2.7932,1.8116
4.7175,2.3046
3.3455,2.5114
5.2369,2.2204
4.4732,3.7396
4.345,4.9865
2.961,1.6379
3.8232,2.7933
4.3838,3.4398
3.7708,5.6974
2.6007,2.5316
3.0469,3.2419
1.2419,1.5326
4.0643,3.301
4.0254,1.2987
2.4551,3.0387
3.0274,1.0909
4.5136,4.8015
4.5218,1.9048
1.3499,0.0
3.7126,2.4062
4.5084,5.0743
3.6132,2.7714
3.5553,1.7157
4.4208,4.9696
3.7436,0.6061
4.9405,3.3241
3.9154,1.0169
3.0591,1.1364
4.9424,1.1981
2.1536,1.2987
3.6788,1.5544
3.7562,1.8803
3.0702,1.9174
6.5601,2.6938
4.4659,0.0
5.8916,1.0388
6.8812,4.3332
5.0575,5.0576
2.2935,0.0
4.8527,3.541
3.8901,2.7826
3.0151,3.139
2.9163,3.9157
4.0604,0.9747
4.7193,5.1272
4.7333,3.2544
4.5093,3.0207
5.261,1.7391
4.2328,3.079
2.5903,1.6892
2.6181,3.2995
4.0119,2.0737
3.1877,1.5782
3.4997,1.3115
4.163,2.1075
4.1934,1.1494
2.3302,1.2931
3.1478,0.641
3.6069,2.4277
1.6601,1.061
2.9553,0.5682
4.782,4.3549
3.1583,3.1332
2.1923,1.105
3.1198,0.33
3.373,1.1834
4.7808,2.9611
0.6078,0.4348
4.5171,3.5489
3.9374,4.5455
5.6842,3.5039
3.167,3.9352
3.3599,1.7995
2.6856,1.2195
6.9413,4.3145
3.3711,2.7668
3.817,2.8486
3.5053,2.4516
3.6335,3.2359
4.5153,3.7707
2.8533,0.8439
7.2041,1.5254
4.2235,1.6667
3.866,2.139
3.5766,3.3573
3.9183,3.6755
6.0607,6.1909
4.0013,2.4845
4.1489,2.9155
2.8556,0.939
3.9053,3.1963
4.0279,3.6269
3.789,2.1488
6.3126,4.5355
3.5094,4.4053
2.8613,2.8
3.2819,1.9512
2.9555,4.0462
3.9346,0.8547
5.186,4.4304
3.181,1.548
2.52,2.5
5.7629,2.7372
4.6083,4.8458
3.8754,8.2203
4.7875,2.3109
5.6742,4.9957
4.7166,5.029
4.7763,4.7096
3.3067,3.132
4.1677,1.5731
4.5472,0.6201
3.8376,3.3679
3.0295,2.6984
4.5829,4.5455
3.3515,2.3102
3.6533,0.0
5.2264,4.4564
4.6208,0.6629
5.3838,2.5186
3.8067,0.6494
4.2467,3.0445
1.9685,0.0
1.9328,0.7692
6.186,3.7896
3.5973,2.0121
2.9433,0.978
3.9957,1.5332
4.3988,1.4519
3.1015,0.0
4.0695,6.0327
3.1521,2.6019
3.0853,0.5988
2.1934,0.8658
2.6856,1.4634
3.7675,6.4578
4.7196,1.0124
3.72,3.5294
3.5511,2.3634
5.6168,0.365
5.4569,4.2849
3.8712,2.4823
4.0128,3.6832
2.8669,0.729
5.0239,0.5151
3.0423,2.3866
4.2867,3.8023
3.8596,0.7177
3.924,0.6048
4.9204,4.7582
4.0483,1.9538
3.5025,1.8634
4.1265,0.5047
1.5827,0.2841
6.511,0.968
3.1015,0.0
6.6169,3.6987
4.382,1.3713
4.7125,2.2356
4.6113,5.1737
4.9405,4.3617
1.9475,1.2797
2.3102,2.4213
5.7526,3.3295
4.866,3.3385
3.5249,1.8209
4.6455,2.1552
3.3562,3.7419
5.4164,0.6563
4.2164,3.7433
3.7268,1.1211
4.8767,1.0753
2.2102,1.9324
4.955,4.8896
3.0891,5.3942
5.0391,5.1739
3.139,3.06
3.4935,0.627
4.3742,1.2759
3.8952,2.4221
2.503,0.2174
4.2224,3.0754
4.0885,1.1083
5.1615,5.6013
3.1086,0.5195
4.0985,3.6568
7.4059,3.5287
3.3051,1.6667
6.8051,3.498
4.0699,3.7148
4.3516,3.0461
4.767,2.6552
4.5773,3.7013
1.6987,1.4925
4.3641,1.5604
7.6799,2.3111
4.1444,3.7175
5.694,3.4619
6.0159,3.1034
4.3335,4.3685
4.1169,5.231
7.5613,4.4499
4.0037,1.3631
4.5344,4.0687
4.5539,2.9787
5.1385,4.4528
3.9817,3.8843
3.7624,0.2378
3.8081,3.4796
4.6176,5.4863
3.9422,0.9235
3.881,3.7175
3.3574,3.3505
5.0559,4.1325
2.0656,1.2759
4.6528,2.5271
3.6578,0.2941
4.3758,5.7325
3.6568,4.3236
2.9763,1.6529
3.725,4.0698
1.3962,0.6579
3.2088,1.5789
4.5703,1.7937
4.7533,4.1992
3.1259,1.7659
5.3699,4.9104
2.6423,0.6969
3.8706,5.2311
3.7947,3.5276
2.3927,2.1365
3.5004,2.3092
4.4092,1.3547
4.1589,1.5873
4.4403,3.222
3.4169,4.1071
1.9108,0.5725
3.4918,0.9662
4.3031,2.9314
2.9983,1.8843
4.1063,4.6189
4.7602,5.3821
5.8842,2.8955
4.3398,1.2195
3.4491,1.3514
4.3791,1.419
6.0593,2.9226
4.0395,3.1063
4.4826,2.8963
2.9079,2.9188
5.0495,3.4307
4.8363,2.6
3.3257,2.3729
2.6101,2.1164
3.5848,0.4756
1.8838,4.0719
4.5778,2.2845
4.2413,0.7299
4.3763,2.5463
4.6196,0.9502
2.3086,1.3378
4.6901,2.3486
3.247,0.0
2.3181,0.0
3.0414,2.2654
5.2764,1.6695
3.026,0.3922
3.2277,0.4587
2.6011,0.0
3.7884,2.2431
6.9041,4.0874
4.0553,2.9982
3.912,0.0
3.7955,0.9195
4.3883,2.0126
4.2213,0.9311
5.0059,4.0462
3.7842,2.1802
5.0572,3.1107
0.9034,2.6565
4.9279,2.2492
4.7555,2.9894
2.8462,0.0
2.2206,1.8135
4.499,4.2388
3.5482,2.0741
3.5625,2.1898
3.7522,2.4954
3.7013,0.4219
3.2207,2.4575
3.7436,2.8571
4.5879,1.7621
4.2485,2.9952
3.6002,4.4132
3.5405,4.0724
4.4291,3.7931
3.3077,3.6765
5.5596,3.6444
3.7217,1.8365
2.8831,1.1598
4.4248,2.3232
5.6745,4.4393
2.1203,0.6494
3.8003,1.9608
3.5198,0.339
3.3673,1.5873
6.0298,2.8768
4.0824,2.5735
3.8454,3.1553
3.852,3.9058
1.3198,0.722
4.3041,3.653
3.3799,1.6698
2.9973,0.821
4.109,3.5324
5.4569,5.2097
4.6355,5.7994
3.5203,2.6288
3.879,1.5831
3.8952,0.346
4.2047,5.8442
2.3486,1.2422
3.268,2.7859
5.0469,4.9278
5.0647,2.3729
4.3789,3.5714
2.1849,1.9499
4.0884,1.0962
3.9318,4.9
3.8811,5.7172
5.1643,5.2632
3.6626,2.4277
3.0293,0.2309
3.1711,1.7032
5.4751,1.9635
3.2055,0.2817
3.6254,2.0
4.804,3.3694
3.6217,2.1978
3.8918,1.5625
4.4308,3.0981
5.9577,5.7222
4.2125,1.2169
6.0351,3.2187
2.6783,0.295
3.434,2.0833
4.565,0.6575
3.4638,0.404
2.2485,1.8634
4.3673,1.9272
5.0597,5.0306
1.963,4.4883
3.7527,0.4367
3.3855,0.4673
7.5121,3.3228
6.0834,4.6857
3.4999,2.4221
2.6332,3.3473
3.5705,0.5792
4.7916,1.2552
4.2429,2.4291
4.5483,2.0886
6.6871,3.234
2.5692,1.8433
5.0343,2.767
4.9904,2.5114
3.1148,5.7377
4.7274,4.9812
5.5575,3.6152
4.7867,1.9113
3.1485,0.4484
1.8436,0.5222
2.8478,1.5385
2.9689,5.0955
2.8296,0.9506
5.0039,3.4304
5.204,5.4635
2.5251,2.987
3.0478,2.921
5.0112,4.1463
4.6236,1.6997
4.6764,3.8048
4.3558,6.221
6.0604,2.4949
2.9809,1.2579
5.8201,4.3651
3.6217,2.3077
3.157,2.963
4.557,5.4083
4.1692,0.5236
4.3265,6.3299
3.4731,0.7622
4.4902,2.4311
5.014,0.4778
4.3683,1.0502
5.1546,3.6774
2.7494,2.5057
2.8975,2.5449
3.5492,3.3827
4.5486,2.4955
5.4965,3.8854
4.9539,5.6848
3.9632,1.6949
4.7095,1.8182
3.1224,2.3041
3.3333,3.2511
0.6054,1.5152
6.5998,3.3752
3.5982,3.7523
3.4915,2.6924
4.1026,4.0216
3.7932,0.9217
4.4567,1.5258
3.7756,2.9326
4.4168,5.499
2.9022,2.4896
4.9074,3.2979
3.1391,1.1321
3.9828,4.4304
5.536,4.4855
4.3366,2.0619
6.2621,4.6156
5.6831,4.439
4.2846,3.8922
2.4987,0.0
1.6269,1.3441
3.8441,2.1875
3.3067,0.2237
4.7493,3.1441
4.7159,4.2581
1.8833,3.0159
6.9878,3.8003
5.7957,2.8884
4.7675,3.8585
4.6129,4.3736
2.0127,0.339
3.7728,4.3697
2.5701,1.105
2.4899,2.1918
3.9684,2.1195
4.5859,2.809
4.6962,2.2113
2.9605,0.4202
4.0658,2.5316
2.2541,1.2346
4.5574,3.5336
2.8995,2.6248
4.4238,4.1119
4.3561,1.6244
4.5079,6.5856
2.6593,0.2688
4.8876,2.0359
4.9207,1.7788
5.7522,5.3763
2.3711,1.6611
5.3029,2.251
4.9686,2.0369
3.8935,4.5061
2.5894,2.029
4.0228,4.5573
4.2767,5.686
7.07,4.5609
6.7153,5.4373
2.7408,1.7241
5.1993,1.8239
3.2255,1.3793
5.978,3.6579
2.2935,0.0
3.655,2.0228
5.2523,4.5113
4.3183,3.5443
7.2995,5.1298
5.4545,3.0928
4.2118,1.2178
3.8011,2.2857
2.4683,2.238
4.1873,0.949
4.5867,1.8868
8.6583,3.6157
5.5634,2.0902
2.4399,1.4414
2.711,1.4867
2.5934,0.5051
4.4702,3.0391
4.6102,3.0151
5.7337,5.4093
4.9568,5.5162
5.0922,0.1546
2.3514,2.0243
4.4505,3.5433
2.0311,0.6711
2.4138,1.1561
4.9617,1.8801
3.0655,1.087
3.2149,0.6276
4.4461,4.669
4.3194,1.3487
3.5496,1.7751
2.5004,1.3966
4.7783,2.0598
4.4175,6.28
5.2597,6.2255
6.7061,3.0565
4.819,2.2542
1.5335,0.8917
3.5642,4.1206
2.7469,1.8519
5.0302,4.1404
3.5766,3.0216
4.2948,5.4585
4.1477,3.211
5.1821,3.7158
5.7634,1.8775
5.1539,5.0355
2.706,0.6508
2.3909,0.3876
3.985,2.571
3.1581,3.972
3.1463,1.8727
3.5445,4.7699
4.6904,1.8536
5.6118,3.5993
4.549,2.0559
3.1355,0.4132
1.6376,3.183
4.6571,4.1534
3.1162,2.4119
2.7175,2.5253
5.0239,0.3974
4.7128,3.9264
3.5363,2.5049
4.3487,3.1097
5.1924,3.0184
4.2232,5.855
2.9957,0.0
2.3787,2.4691
4.7095,1.3636
4.9997,1.8507
3.8634,1.6086
5.4802,2.6822
1.7211,0.9901
2.1251,1.3413
4.7412,5.283
4.7639,4.7332
4.1405,1.2129
5.9511,2.4199
4.7015,5.0053
4.0357,3.5982
4.4475,3.7512
2.9376,3.7906
2.0389,0.0
4.5299,1.0899
7.9678,2.359
5.0499,2.9493
6.2226,1.9549
3.1765,3.2258
4.1477,2.5229
6.059,2.4854
4.7338,4.06
4.625,2.1452
3.6659,1.1933
3.6836,4.3419
2.8003,0.6472
2.1997,1.7808
4.0618,3.2345
5.4503,3.9899
3.2,4.5326
5.1918,4.0268
1.4547,0.3922
4.2087,2.3139
6.2636,3.1864
6.0934,4.5547
4.3253,2.7501
3.841,1.0972
2.5791,0.304
6.7324,2.1635
5.12,6.7335
4.1202,3.066
3.4805,2.8881
3.4735,1.8667
4.3345,3.6053
2.9444,2.3148
3.1754,2.391
4.7507,4.4574
3.922,4.3159
3.1918,3.0952
5.9026,1.0959
3.1329,2.4129
3.8501,3.01
1.5962,0.838
3.5419,0.994
3.3872,0.9913
4.5387,0.7716
4.3934,3.2325
3.6227,2.7444
3.9203,2.3609
3.8512,3.8263
3.9759,2.6769
4.1923,3.4921
3.4579,4.065
4.2033,2.4828
3.9971,1.9883
2.4779,0.0
2.6935,0.0
3.0758,0.7168
7.4016,4.5579
4.648,1.8138
2.9943,2.3426
2.1026,1.7391
3.6835,2.3941
2.3154,3.5336
4.4104,3.444
3.7312,2.7902
3.206,0.7425
5.9488,3.7743
5.0919,4.5145
2.1454,1.0327
3.6942,2.0036
2.6937,1.2953
5.3474,4.8396
4.0738,5.0
2.6046,0.8403
4.2377,1.2821
3.9743,4.6371
3.2426,2.439
4.8925,6.4795
3.3557,1.2048
1.6247,1.0782
4.7781,3.1813
4.6764,4.9892
2.1324,0.5848
4.9273,3.3577
2.0584,0.0
3.2055,1.6901
4.0804,1.7192
3.1591,3.0702
3.0852,3.5549
2.2687,3.2967
4.6444,2.2948
3.2106,0.4944
2.4097,2.1459
4.2556,2.518
2.9689,3.6624
4.1686,1.7682
4.0855,2.8566
3.8592,2.6154
3.0337,0.4894
2.6165,1.7241
4.4818,6.8159
2.4651,0.2732
4.6864,4.4381
3.9975,2.3022
3.4999,3.2872
5.3327,3.5801
3.269,3.3898
3.1374,1.9724
4.5238,5.4832
4.5562,2.4764
2.4098,1.9523
6.0343,2.7611
3.411,2.2088
4.2797,1.5601
2.6532,1.1364
4.5914,3.8275
1.6902,1.0571
2.3191,0.4545
3.7368,0.8137
4.4098,4.1538
3.7277,2.0534
5.4598,5.4868
3.3538,2.8169
4.3669,2.6074
3.4294,0.9569
3.1445,4.6904
3.154,1.2739
4.2541,4.198
3.5361,0.0
1.8587,1.199
3.8395,2.0147
6.6577,3.6989
3.6965,3.5398
4.9369,4.3373
6.4684,3.5745
2.8526,3.7415
4.0146,2.7574
4.0442,1.0702
4.421,4.9779
4.8936,0.5394
2.3695,3.0954
3.6243,1.3699
3.3433,1.373
2.8904,3.4025
3.3524,0.5181
4.7475,7.3491
3.3596,1.2
3.7612,1.1905
1.9738,1.5957
2.7833,0.6818
1.6035,0.7407
2.6562,1.1618
4.0518,0.0
2.6267,1.3363
2.6821,1.6949
4.0719,2.4277
1.2943,0.8299
2.5299,1.4925
3.6515,1.7762
3.1676,2.9304
4.752,2.5337
4.1257,1.791
3.7464,2.9815
5.9,2.4722
3.5487,2.5057
2.671,2.2869
2.8816,4.375
8.1311,1.5079
3.1604,1.8648
4.6552,3.2413
2.8184,1.5873
2.4608,0.0
5.6064,7.1489
3.5518,3.4133
6.3544,4.3554
3.6924,0.365
2.7344,0.0
4.3967,3.9683
4.1271,0.7026
5.0304,4.9561
3.848,4.3573
3.434,2.2222
5.0474,3.7187
3.8214,0.4975
1.8801,1.9523
3.4477,0.939
4.0604,0.0
5.2514,3.4481
3.1753,4.0698
3.6805,2.5862
3.53,2.9245
4.9605,2.8235
2.0142,0.1692
4.9074,1.4539
3.1091,0.8011
5.7494,1.8371
2.9805,1.7828
5.241,2.2433
2.2618,2.3256
3.4864,3.1579
3.9976,5.985
4.0654,3.4913
5.2338,5.0045
5.0647,1.8008
3.0744,0.0
2.9378,0.6993
5.3021,3.2541
3.8107,0.6173
3.1343,1.6435
4.2347,2.3003
5.4362,0.4375
4.6952,4.6887
5.2056,1.8125
4.0943,4.4068
2.8499,0.8772
4.0723,1.2
4.6641,1.7675
4.1667,1.5748
3.8684,3.8797
4.2488,6.5968
3.3371,3.1826
5.7441,1.8201
3.434,2.7273
7.3238,1.4761
5.5712,5.6215
3.2333,0.3731
3.7111,2.2556
3.7041,1.9417
4.173,2.276
2.4128,2.7027
3.3343,1.3043
4.9705,3.5639
3.434,0.7843
4.5629,2.9367
2.5148,1.2
2.7839,1.7964
3.6009,3.5451
3.1321,4.3108
2.9285,0.565
2.9106,3.9394
2.1152,3.4913
4.4679,0.9556
3.2917,5.1502
3.3722,0.5076
3.304,4.3079
4.6972,4.2678
4.787,1.1035
6.0319,1.444
4.3842,1.5602
4.392,5.0125
3.5633,2.4504
3.5667,0.0
5.1609,4.3425
4.7406,0.7342
2.9178,1.7143
0.5624,2.5974
4.535,2.9078
1.5804,1.1396
3.7853,3.9489
4.9799,5.6849
4.3858,1.5132
3.2809,1.9531
3.4686,4.386
4.0011,2.5993
3.3805,2.71
3.2108,1.6807
5.0439,4.4433
4.1207,6.1056
2.0998,3.681
3.4908,2.7505
2.6791,1.3158
3.9563,1.6427
5.3745,3.1032
3.0992,3.7413
6.191,4.1346
5.2225,4.8807
2.0174,0.5682
3.2783,0.4608
4.1722,3.8031
3.0696,1.9481
4.6666,2.6899
3.922,0.5051
4.2341,2.451
4.761,5.257
4.1446,2.3006
5.5047,7.3519
3.4268,4.3843
4.0518,5.2293
3.8011,3.4286
7.7256,1.9791
5.182,2.8243
2.9072,2.0867
4.5218,2.2823
3.2671,3.7296
2.8081,0.6757
3.4599,5.649
4.3773,3.4976
3.5278,5.0432
3.0015,1.9726
3.5426,2.3179
3.8648,0.4942
1.6529,0.0
4.7728,3.6247
3.9294,1.2531
4.5546,2.3388
3.7662,6.3268
2.7144,2.027
3.5446,2.6022
3.8952,2.6528
4.4282,1.3423
3.028,4.0351
3.4977,2.2809
5.3711,3.1847
3.0003,3.8095
7.4573,4.2079
5.624,1.1199
2.8154,2.8662
4.1803,5.9737
3.8089,1.5873
3.6445,3.5311
4.7377,3.0191
6.077,2.5961
3.9318,5.8182
3.4832,1.1019
1.4945,2.4793
4.1109,1.6667
3.7653,4.0446
2.4766,3.5282
4.7489,5.7796
3.8357,3.1991
3.5628,1.2289
4.4765,4.2728
2.9545,2.9598
1.1135,1.1885
4.6811,4.8857
1.9104,0.0
6.383,2.2975
4.7806,0.2208
2.5464,1.6497
4.654,0.641
3.917,2.3689
2.7233,2.4324
4.5321,3.2108
3.2892,6.639
2.3979,1.1111
4.6492,3.8647
4.6308,1.378
2.8381,2.5907
3.4993,2.4551
5.9185,1.926
3.3072,0.8772
5.1648,5.4819
4.198,1.8644
6.625,5.3615
4.1808,3.4929
3.8672,1.6277
4.7683,4.0392
4.6012,1.7241
4.3041,3.0822
3.3194,1.0724
1.1322,0.0
3.0518,0.7634
4.7226,2.5535
3.1821,4.0127
4.3097,6.5834
3.1029,1.2376
1.9075,1.5326
5.7289,2.0791
5.4628,3.1416
4.8133,3.6257
4.563,4.2867
3.3499,1.7172
4.086,2.442
4.0581,4.9121
6.069,3.3348
2.7188,1.5267
5.6058,2.706
5.1413,3.972
3.0531,0.6757
7.4873,3.8033
5.8319,2.7311
4.142,1.6148
2.9779,0.3155
2.5871,0.339
6.3117,3.8052
2.6479,0.9524
3.8684,3.1719
2.8301,1.3201
4.4816,2.7182
2.9789,1.7857
3.6766,1.33
2.9216,1.355
5.232,3.9839
4.1989,4.4549
2.6315,1.6327
3.1764,2.7875
2.9022,0.8299
3.0479,1.4235
2.4319,0.9174
3.3699,1.6438
3.8199,1.5695
3.9033,1.0743
3.5594,3.4868
6.0127,4.1561
5.5108,2.7678
3.5458,3.819
3.4362,3.0963
3.1403,2.5126
5.0351,2.058
6.1019,5.3624
3.994,4.9488
3.9747,3.3784
3.7101,0.0
4.0073,4.7068
7.5116,2.6256
6.5018,5.1202
3.8406,2.439
3.7339,2.3196
6.5186,3.2337
4.4302,5.8376
3.1766,5.2553
3.0663,3.3835
4.3073,2.6658
2.1731,1.8349
3.8323,3.1365
4.6375,4.7486
2.4423,0.0
5.8014,3.9757
4.1109,0.7143
7.4419,4.9323
4.8547,5.0188
2.8622,1.0101
2.9587,2.9851
4.4308,3.6145
4.382,2.7981
3.7678,2.3649
4.641,3.3403
4.7449,3.2456
4.8888,2.352
1.7735,1.8739
2.6236,3.352
4.4188,0.8711
4.1155,0.4739
3.4488,0.2525
4.7172,3.4149
2.988,2.0408
3.7352,4.3845
4.7823,0.9504
4.9046,1.6293
1.1651,0.0
2.3573,1.3072
4.1026,1.4939
4.3276,7.3885
3.7171,2.1352
5.2996,1.8821
4.2767,0.6036
2.4976,0.3448
3.6019,0.6231
1.9874,4.363
5.1029,3.0581
1.8661,5.5367
2.569,1.5284
1.8506,0.0
2.4849,0.6061
5.2338,4.6768
3.1423,2.8504
3.8341,3.4991
7.2698,2.6941
3.8994,3.876
4.6829,4.5914
4.625,0.7426
3.5403,8.1978
6.6616,2.3516
2.6239,0.823
4.6947,3.5235
2.799,0.0
4.4798,2.7027
2.8258,0.3937
5.312,3.5569
5.0184,3.9956
4.3184,2.9894
3.0242,1.5717
4.4244,5.3355
4.9236,5.9829
4.4399,3.3708
3.1555,2.0668
3.1011,2.8796
3.958,1.3746
3.595,2.8235
6.3947,4.6091
3.886,2.3952
3.7785,2.3392
3.6125,4.5677
4.6361,2.0979
3.5264,3.0303
2.9087,4.9451
5.2118,4.4487
4.3249,2.6824
3.3673,0.0
6.6719,2.842
4.2603,1.6706
1.7057,4.1463
2.3726,0.339
4.2517,4.8689
4.3883,2.6415
4.5969,4.1941
2.9137,1.1478
3.7224,0.6757
3.5227,3.0418
2.7204,1.4754
2.7209,6.5909
3.8739,5.4428
3.94,3.0271
3.6096,2.6426
5.3453,3.6136
4.2441,3.2475
2.8654,2.6846
5.5406,7.0256
4.1271,1.6393
1.8326,1.4652
3.6044,5.716
4.3317,3.3811
4.4705,4.6296
3.0639,2.3055
4.1271,1.8735
5.9603,4.9871
2.2267,0.4651
2.4973,1.3453
3.0598,3.4574
2.8943,0.8368
3.8426,3.2861
2.8034,0.5865
1.5835,2.0661
2.4361,0.0
4.3932,3.3233
3.8816,3.6842
2.0236,0.6623
4.4025,1.6273
6.3878,4.6709
4.1589,1.3605
3.7054,2.7311
4.5044,5.0658
1.8171,1.7058
4.6151,2.0556
5.1369,2.8549
5.7451,2.8237
7.3305,2.7196
0.8408,0.0
5.1665,3.7416
3.1434,2.6639
5.4167,4.2387
4.9416,3.1175
2.1972,2.0089
4.0342,2.4453
5.7517,2.579
4.0222,5.5632
0.952,1.9048
3.607,1.3944
3.3036,0.2008
4.8726,1.6967
4.8697,3.8674
4.1744,6.3039
3.1808,1.1561
3.3011,2.1858
1.7636,0.0
3.3749,2.3622
4.2893,6.3564
6.5354,2.9064
5.3837,3.4589
2.4162,1.116
4.9862,4.9011
4.6803,3.9326
7.2041,4.5666
2.8313,1.7894
3.7478,1.3793
3.2658,5.3571
4.1207,5.6106
4.0837,0.9346
4.364,0.7366
2.988,0.4082
3.434,2.1429
6.568,3.6189
7.3621,2.5137
3.9766,7.1125
3.5181,3.6675
2.7996,2.6316
3.0692,0.9281
3.6661,3.4121
4.7082,2.3407
7.0359,3.522
3.2614,3.5308
3.9427,4.5095
4.6793,4.6864
2.5461,1.5464
5.0434,2.9221
1.1896,0.9615
3.9519,1.6581
2.5545,0.6834
3.9286,2.6756
2.5867,0.0
3.2786,2.4096
4.6307,2.8712
2.3979,1.0526
3.8918,5.2885
5.3948,3.0787
3.5451,1.9108
2.6568,0.9434
4.6861,2.5266
4.2333,4.1558
2.7408,0.627
3.8729,2.1239
2.2271,0.0
3.3565,2.6152
4.0409,6.5996
5.0732,5.5259
5.649,4.735
5.1225,4.4546
3.3582,1.7078
4.1656,0.5631
3.9149,4.5058
4.0448,4.8128
4.3567,3.7338
4.2496,3.5635
2.7454,3.9216
4.8515,5.2898
2.1327,0.8403
3.6222,2.7458
2.8565,2.439
3.9602,1.943
4.5395,6.862
4.3363,3.0007
4.653,2.8874
4.156,3.1838
3.0126,3.3523
3.3434,1.5414
1.665,0.7692
4.1795,4.456
4.0918,3.8233
4.0877,2.3891
3.9137,3.2258
2.6335,1.7857
2.4143,0.0
3.2074,2.008
3.0937,1.1173
3.1488,2.4138
3.7444,0.346
5.0834,4.8917
3.9092,1.7544
4.8598,4.7433
5.1906,2.68
3.9682,1.0707
3.8544,1.7316
1.5405,0.0
3.3286,1.487
2.4674,1.5444
3.2714,0.6861
2.891,1.292
3.9502,1.1996
3.5275,3.2596
8.2882,3.4458
3.4949,3.1301
6.5283,4.276
2.8717,0.5
2.4495,0.7269
3.3156,0.0
3.9232,1.0088
4.2767,2.993
2.8326,0.9622
1.6419,2.1108
6.52,4.3093
4.2485,2.1739
4.2297,5.1381
2.5367,1.1331
1.8553,2.7356
3.6542,1.8116
4.1558,0.0
3.1779,2.6892
3.902,2.6242
4.0141,0.9195
3.5313,1.005
4.226,6.1779
3.6636,1.7943
2.5763,0.7005
5.1442,4.0514
4.8504,3.8873
5.178,1.5123
5.0634,2.6305
4.1589,1.2698
3.446,2.0576
4.5937,2.6277
3.3116,3.6036
3.2828,3.0214
5.1319,2.8911
2.5701,0.5525
4.5979,3.8853
2.1785,0.0
4.1897,3.8009
3.886,6.2874
5.7784,4.4402
2.3671,0.0
3.7041,1.165
3.6297,0.0
2.1001,2.7907
3.7924,1.0482
5.423,5.2709
5.0286,4.8023
1.9363,0.0
7.182,4.6008
6.2323,1.7555
4.4621,4.572
4.6313,1.5046
2.0529,3.7671
3.5715,2.3416
5.1625,1.0369
3.4545,1.6317
5.9569,1.6308
3.9986,2.4021
4.2268,0.2469
3.8208,3.52
3.8051,2.7642
2.8122,0.7519
4.461,2.0033
3.5695,4.5549
4.306,2.4414
2.2513,0.0
4.7157,0.6657
4.5131,1.9956
4.2973,3.3103
4.1617,5.9712
4.9666,3.695
2.9378,2.0979
3.1672,0.9929
3.9873,3.9519
2.5494,1.2712
5.4726,1.9684
4.3747,2.5505
5.5045,4.4662
4.4563,1.0763
3.1388,0.7466
3.5553,2.277
4.0982,1.9481
4.625,3.0099
2.5284,3.6609
4.6531,1.1548
2.6856,0.3049
4.5136,1.108
2.6663,1.2048
2.6027,0.0
3.9797,1.9048
4.1196,2.4229
3.7068,0.4196
4.4838,1.6313
4.2954,1.6332
2.8867,0.3937
5.1228,2.2106
1.7852,3.7725
5.1889,2.0908
4.5461,6.2641
5.1697,5.3513
4.6868,3.1894
3.6376,2.7027
2.4778,2.9891
5.841,9.4718
4.0398,4.8152
4.1947,1.644
4.4411,4.0541
4.0254,0.9091
5.2543,4.1144
4.0719,0.8092
4.6396,3.8581
4.1447,3.8647
3.5553,0.0
4.1684,2.9694
5.1397,3.8507
5.5053,3.7123
4.2183,3.4869
4.9133,4.9352
2.5782,1.4286
4.862,3.3408
4.8149,3.8147
4.7482,1.5301
2.9407,1.1952
2.5008,0.3436
4.5731,4.4141
4.5584,4.8411
3.9337,4.7529
4.622,3.1952
3.6026,4.3103
3.9194,4.2644
4.2758,2.6432
4.4012,4.4072
2.9078,1.5198
3.2744,0.0
2.04,2.5565
7.046,3.7853
4.9114,2.0506
4.7797,0.9679
4.7903,2.2346
3.4899,2.1888
4.497,3.2394
5.299,5.3565
3.9673,3.2487
6.9839,5.1302
4.3481,1.2227
3.1485,3.139
2.0173,1.9178
5.5825,2.5101
1.4514,2.1948
5.2263,3.1813
1.9475,3.1079
2.929,4.2353
3.0469,2.4938
1.762,1.3667
6.1637,4.2362
2.8005,2.1572
2.113,1.25
3.3108,0.1403
2.6568,0.3774
2.8784,0.0
2.9312,2.8169
3.3877,7.8297
3.5468,4.8352
2.6577,0.0
4.4188,0.0
5.695,4.8482
3.5927,4.4025
4.3162,2.0298
4.1091,3.525
4.4719,0.6054
3.9837,4.336
3.3403,1.3356
2.6447,2.8143
4.3074,3.9818
3.325,1.1194
4.6775,4.0689
4.3987,2.3935
2.9575,1.3699
4.0201,0.8602
2.7932,2.7174
2.4995,2.6316
1.8169,1.8868
4.8481,0.7905
2.3418,1.5957
3.6972,0.8475
5.948,3.1937
2.6959,2.9605
5.0404,4.7764
2.6027,0.8
3.6463,2.8571
5.861,5.3323
3.4066,1.8341
3.2347,1.0246
4.0618,3.841
3.5655,3.5343
5.4999,0.1368
4.0064,3.8049
2.0584,0.0
5.2182,2.3965
2.8973,0.0
4.9913,4.6193
4.2759,2.8932
3.5907,1.4797
3.8918,0.8929
2.6338,0.7547
3.7612,1.0204
1.0184,0.7366
3.6696,3.6115
3.4657,2.1505
3.912,0.9276
4.0395,2.1505
6.1141,3.6348
3.9988,2.7397
6.3919,1.6779
3.7317,1.6871
2.2402,1.4398
3.4952,2.6076
2.7026,1.5534
6.3698,4.4355
3.2658,3.4392
4.7551,2.7579
5.1466,4.6826
2.5173,1.0608
5.4406,3.9329
5.0315,4.1073
3.6481,1.738
4.5185,2.8666
4.9313,4.1734
8.2031,2.8073
4.561,2.5163
4.3836,3.7915
5.0344,7.0336
3.0188,3.2534
3.9867,3.7037
5.6501,1.4902
4.5747,0.7812
3.3644,3.6816
4.5037,3.16
2.3804,0.9709
3.8617,3.7109
4.2868,3.2282
3.6132,0.6928
3.7173,1.9796
4.2767,4.6948
6.3522,2.7837
4.6898,4.9285
5.1786,3.4413
3.1739,0.4367
2.1948,1.2397
3.1946,1.9943
4.0739,2.0451
4.2485,1.2681
4.5907,5.189
3.9428,3.3964
3.6262,4.1667
3.3178,1.7544
4.0073,3.0864
4.2732,4.2403
4.6607,2.8649
2.8965,0.6494
3.1936,1.6043
3.5946,3.1073
4.0457,2.7605
5.0712,2.7584
4.1972,4.0349
4.7636,3.0479
4.1115,3.5098
4.5486,3.1194
2.4717,0.0
5.3239,3.5681
6.0763,1.9671
3.1917,0.7065
5.6595,1.9814
2.5903,3.2432
5.1636,4.9482
6.8847,3.4463
3.3142,0.8086
2.692,1.1058
4.2475,4.8705
4.8055,0.7282
3.7534,1.28
2.9287,1.7381
4.3241,3.8351
4.7707,1.9943
3.6243,1.7808
4.1235,0.0
5.0168,4.3575
4.7607,4.7482
4.2905,4.0404
3.4383,1.3274
2.5074,0.8065
3.2865,0.6472
3.4408,1.0453
3.5862,2.9851
2.801,2.1322
3.4366,2.2606
5.0831,4.4021
4.1247,1.8963
4.5523,3.3149
4.1715,1.4179
1.8313,0.4193
3.1023,0.8824
5.1131,2.081
2.6636,1.3029
4.0224,1.5198
2.4797,0.0
3.8155,0.9009
2.9485,1.4894
4.1705,3.8235
1.7157,0.0
2.7951,1.7751
3.6433,0.1168
2.6348,1.6667
6.3791,4.8074
3.3232,0.0
4.1953,3.0593
3.889,4.0836
1.5984,0.8357
2.8184,1.0582
3.3524,1.0363
4.1628,0.7905
4.3175,1.8018
1.95,3.3175
6.3496,4.0263
3.9256,2.6483
3.3032,0.7634
3.655,3.8348
3.9581,4.5897
4.2319,4.7163
5.6272,2.7488
5.1165,2.3127
3.8309,3.0581
2.8679,2.008
3.9831,3.7101
1.9179,0.0
3.2847,1.5564
5.1154,3.4513
2.5504,0.5291
2.0477,1.8519
5.0616,1.0838
3.5008,1.9259
2.7958,0.4065
4.1184,5.7252
2.7899,1.3089
5.7856,5.9419
3.9632,3.5109
5.5154,2.3737
4.6287,7.4213
3.4553,2.6398
3.7892,0.0
5.095,3.0826
3.9387,1.6882
3.4454,0.4706
3.8089,1.8141
4.3784,4.0835
2.2031,0.6536
3.5997,4.7934
2.9832,0.4444
1.1416,0.0
3.3908,1.3221
3.8155,1.3514
5.435,3.5918
4.3241,2.953
4.7958,0.2381
4.4216,4.8093
3.7434,4.5151
2.5455,1.6717
4.43,4.0482
1.9155,1.2793
5.1697,5.4739
4.5659,1.6168
3.3032,3.5623
3.8015,0.9139
4.6893,1.2371
4.8021,0.828
4.2627,1.4286
4.0624,2.2374
2.6107,1.3793
2.823,1.7429
4.5504,4.2701
4.4278,4.2296
5.0983,4.4082
5.3383,0.3218
3.1563,2.454
2.8634,0.7895
5.803,5.2336
4.4278,0.6042
4.7115,4.5366
2.7753,1.607
5.5953,3.8036
2.7583,3.0769
3.6614,4.5421
3.1387,1.6779
5.0112,4.6341
4.562,2.8136
5.5092,5.4379
4.4822,5.5556
5.4553,6.3151
3.9999,3.732
3.9943,4.0214
2.73,0.0
4.3638,2.0057
1.2068,0.4065
3.5854,0.7605
4.4437,1.5135
5.0135,5.5449
6.0455,3.8462
4.8431,4.2565
2.8654,0.6711
5.8038,5.7476
4.7046,2.4917
6.6539,2.3661
1.2587,0.0
4.0045,3.7857
4.525,3.3406
3.5909,3.5917
4.9318,2.4523
2.8777,1.5385
2.0753,1.4354
3.3547,1.6447
3.0603,1.9672
2.9779,2.8391
3.1334,3.4707
3.2613,1.8272
4.1759,2.9641
3.6413,2.6923
4.5132,5.4632
1.9753,1.9469
3.8085,3.7807
2.3434,2.4336
4.6693,4.2998
1.7816,2.176
1.6587,0.5168
2.6319,0.0
3.3964,4.4554
3.8441,5.7292
3.1118,3.2258
3.9627,0.3876
4.0294,2.5514
4.562,2.5791
4.5643,3.1579
4.2556,1.199
3.8182,7.1658
2.2834,0.0
3.7796,3.7634
3.6839,1.5464
2.8904,1.6043
2.4303,0.5302
4.5819,2.5853
5.3226,4.9448
1.1276,0.939
5.0886,5.1189
4.8166,3.0786
3.3574,0.0
5.344,4.9023
3.6246,4.1958
1.9062,0.0
3.0016,0.6154
3.5103,1.4121
4.8701,2.7062
3.1023,0.3922
5.3116,5.3994
4.1386,2.5463
2.9046,0.9934
5.247,5.5026
4.0997,5.7859
2.1401,0.0
3.6277,1.0239
5.6302,6.2757
4.9171,1.7699
2.33,0.0
2.8811,0.495
7.0553,2.5043
4.3751,3.8952
1.6835,0.8772
4.3944,0.3125
3.1864,0.8621
3.8745,1.6964
3.244,3.5055
4.3343,3.1401
2.9916,1.3216
5.3891,4.1284
4.5739,5.2129
1.8822,2.4368
2.232,0.5464
5.322,3.6803
2.6391,0.0
2.6611,0.0
2.9839,0.3135
3.5249,1.9727
3.9464,1.9704
4.1686,2.7505
3.0074,2.1407
5.2251,1.7579
4.2026,3.6693
4.7695,4.6455
4.1414,3.471
1.5155,0.0
4.2467,2.3593
2.0386,0.0
7.473,4.4538
3.8214,1.919
3.8602,2.6048
3.0271,1.8519
3.1155,1.2658
3.7495,0.9036
3.7936,0.9117
3.6581,1.9849
2.0794,0.8929
2.4019,0.9847
5.3372,3.7175
4.2592,0.3584
4.8222,1.7184
2.4102,2.6906
1.9972,2.7548
3.1632,1.2987
3.1781,3.1304
3.3098,3.4296
4.6666,3.1646
3.2946,0.6211
6.223,4.1883
2.7809,2.4229
5.7414,2.6822
4.4489,3.47
5.7148,5.0055
2.9392,0.5587
5.6841,5.6043
4.9141,5.8471
4.6027,4.4051
5.0304,3.9474
2.0063,1.992
4.8468,2.6385
6.063,3.8244
3.6463,3.6139
5.5661,5.5684
6.0773,4.3483
3.3284,3.1646
2.3265,0.1745
5.8263,4.8131
5.0415,4.0338
1.7533,2.8892
3.8302,3.3281
3.2677,4.6205
4.5308,1.4519
4.7941,2.6711
3.6988,1.5228
4.1176,2.3326
3.0931,1.9438
5.177,4.5415
2.6997,0.9009
4.3669,1.7995
4.3452,3.3195
3.1091,1.2461
4.0614,1.5579
4.4688,3.0435
2.9789,1.3393
4.7213,3.6879
3.7051,3.0068
2.1317,3.2919
3.948,3.4426
5.2115,4.337
5.4302,3.6385
4.424,2.9463
3.9406,3.133
5.6601,3.827
2.9712,3.4843
3.7557,0.5634
4.6066,4.1066
5.5674,3.164
4.3631,4.5748
4.1226,0.9149
4.5447,2.9349
5.509,3.0394
5.0408,6.8576
3.8437,2.407
4.0431,0.7937
2.4167,2.7104
2.6937,2.3316
2.5494,0.339
3.7377,1.3937
4.0164,2.6212
1.9938,0.0
3.0716,2.0561
2.736,1.9064
4.1043,2.5727
3.9474,1.1811
2.2449,1.4323
2.36,1.9058
5.8855,2.4805
3.4712,2.9256
3.5066,2.4055
3.6763,1.2987
3.5445,6.2701
4.3128,4.4128
3.7612,1.7857
2.4009,2.1906
2.6161,3.9427
1.5562,0.495
4.6255,5.8207
1.9682,0.0
4.7095,2.3864
6.806,1.2704
4.9917,2.4254
3.8224,5.5911
2.0753,0.0
4.1083,4.3702
4.4874,0.2528
3.5845,3.1712
3.1902,2.7778
5.0093,2.509
3.2108,2.6891
2.8151,0.885
3.3404,4.8023
2.775,0.7673
2.296,3.7713
4.6448,5.4257
5.1486,3.4519
1.0522,0.9862
2.4328,0.8368
4.0232,0.9612
4.1622,4.2938
4.2317,2.8256
5.993,0.6006
3.7422,1.6185
4.8556,3.44
7.4004,3.0044
2.9681,0.4926
6.4271,4.6568
5.0864,2.2388
6.2464,3.5911
4.3726,2.8754
7.3322,4.1239
3.6636,2.9506
3.2498,4.0346
5.5561,2.9333
5.7024,4.4541
4.4654,2.7359
3.7652,3.8618
5.748,3.702
4.0474,3.8222
2.9919,2.8455
4.4577,4.1876
2.5726,1.2397
4.3929,4.5383
2.8476,3.0272
3.2708,2.8947
6.819,4.0875
3.3322,0.0
3.073,1.3865
3.4678,1.9313
4.2973,2.6108
4.7406,4.6806
1.0736,1.7094
3.1236,1.2552
1.955,3.8596
4.1566,4.4318
2.7125,0.4739
5.0173,2.1667
2.4639,0.7752
4.5311,2.6439
3.1261,1.3115
5.4848,4.9405
3.5553,0.0
4.272,0.9434
3.9689,4.5392
3.0788,4.1801
3.8275,2.6932
4.5968,4.2445
1.9363,0.0
6.2661,3.6041
3.9874,5.8268
4.6062,3.6644
4.2305,3.69
5.2744,4.3752
4.069,1.7391
6.4072,3.6574
3.1653,2.6702
4.1202,0.7075
2.9356,0.9346
6.0548,6.082
4.3981,5.4795
3.9753,2.6786
8.0232,3.2224
3.9951,0.625
4.2485,1.1594
6.4378,2.4239
2.417,1.4837
4.4937,3.2374
3.3704,1.2945
3.0164,3.0043
2.4049,2.2901
3.5648,2.4272
2.8239,0.9967
2.943,2.6275
2.4204,0.4878
5.6644,1.0934
5.658,4.4022
3.4397,1.5595
4.5577,3.6609
3.2823,0.0
3.4756,2.4673
4.7232,5.7382
2.539,2.2857
5.5148,3.2949
2.7284,1.0753
3.4768,2.0501
4.2788,3.6757
3.4838,1.9789
3.1598,3.5451
3.5946,0.565
3.6814,5.4264
3.2498,4.0346
3.7312,2.2321
2.3636,1.1538
4.3307,6.4762
4.7217,4.381
4.3969,4.4888
2.2951,0.8299
2.6748,3.5862
3.0805,2.8395
3.0884,4.8669
2.4991,2.2378
4.2352,1.5819
5.2243,1.8701
3.5238,4.2738
3.1029,1.7327
4.6412,0.9091
4.3669,4.3702
3.8754,0.2119
4.2667,5.6233
4.2871,3.5079
3.27,5.1852
3.2671,3.7296
4.2268,4.0741
5.1322,3.6952
3.1936,1.3369
4.8771,4.3378
3.6763,4.7952
3.5418,4.687
5.3327,2.5405
5.4927,4.7193
3.2257,1.1412
5.4381,3.811
5.3447,4.7962
2.9444,2.381
3.6343,1.1864
4.1207,0.6601
2.6738,1.6287
5.1501,1.8146
4.2627,1.0204
3.3397,1.1605
3.6839,3.0928
3.0788,0.3215
3.5439,2.1825
1.1184,0.9709
4.7958,3.0
3.6474,2.8428
2.3064,0.8511
3.866,0.8021
2.4467,0.0
5.2477,1.9167
6.153,1.3264
3.4447,1.6484
3.8253,0.1715
4.2075,1.3883
6.1392,3.8184
3.7662,1.692
2.7522,1.0989
5.6109,7.9295
3.1296,2.843
1.8899,0.0
5.0453,2.7778
5.6577,5.1956
3.5667,0.5814
3.2517,2.0134
4.1059,1.1725
4.0639,2.7972
2.869,2.2923
2.9198,1.5351
3.5672,1.5738
7.7334,3.3882
2.4375,0.5319
3.0975,1.0135
3.9263,4.5052
3.6521,0.5917
4.015,3.9652
3.4275,3.3557
2.2513,0.8403
4.3709,2.4182
3.3857,1.8868
3.6037,1.4925
4.7125,4.7583
5.7176,3.3535
5.856,3.0477
1.6856,1.4218
3.5101,0.5964
4.8989,3.7017
3.7524,3.003
4.0967,5.314
4.6792,5.2896
3.8978,2.5579
4.6396,6.9268
4.5119,4.5113
3.1697,0.4386
3.8918,0.0
2.3708,0.0
5.5383,3.4843
1.0185,4.2714
4.5418,1.8462
3.188,1.2048
2.9774,0.3538
4.4368,1.3972
5.3958,1.0312
3.912,3.4537
3.7819,2.0979
2.9416,5.8735
3.4935,5.4771
2.8279,0.0
3.2321,1.3699
6.707,4.7115
4.0198,3.2349
5.8636,0.4748
4.6811,3.7422
1.1535,0.0
4.0496,2.6608
2.8166,4.8644
5.8419,4.0349
2.0092,0.4425
5.9454,2.3622
3.0681,2.1521
1.7601,0.2283
4.4466,2.3715
2.6052,0.0
2.4027,3.6649
5.2326,4.2561
2.1386,0.3425
3.225,0.6369
2.478,2.4775
4.8848,6.1453
2.3168,2.0833
2.9741,3.5897
3.5993,3.012
3.5742,0.9615
2.6196,2.1148
1.6452,0.0
3.4034,1.1468
2.2882,0.7444
3.4204,1.0905
5.3252,2.5543
5.8594,2.1985
2.6848,2.7778
1.8911,1.3672
1.9568,1.4467
4.6308,0.9843
3.5439,0.5952
2.6842,0.8621
2.5713,0.0
3.7641,6.4293
3.0865,2.6316
4.8347,0.9615
3.1355,0.4785
2.0977,3.7844
2.8225,3.1609
5.679,3.0857
4.8589,2.1619
3.863,3.4483
5.7515,0.5313
3.5673,2.5305
3.5756,0.823
3.1704,1.1952
4.1713,5.4859
4.3121,0.8152
2.3615,2.6022
4.338,4.1176
2.5057,0.3906
3.774,0.7833
3.3964,1.4851
0.9084,0.6623
2.277,0.2513
1.2665,3.2221
4.8283,4.5699
4.8498,4.3968
2.0394,2.1368
5.1512,4.4944
4.3215,3.1597
2.48,3.7634
3.0652,2.5269
3.1095,2.1231
4.9568,4.5209
4.9351,2.5951
3.6889,4.6154
2.0448,0.0
4.2315,3.1596
4.3536,3.6534
5.4183,1.8931
2.8812,3.1984
3.6855,1.4035
5.2687,3.2787
1.8418,2.2774
2.9285,3.1073
3.3524,0.5181
2.0365,1.845
3.5702,3.4483
5.5197,1.7816
3.711,3.1662
5.5557,3.714
4.6868,0.0
4.918,4.3202
3.1401,0.9693
3.2055,2.993
4.0727,4.9505
3.9329,3.8906
4.0055,5.1948
3.1142,1.43
3.2921,0.3861
4.0979,3.076
3.5784,4.5745
3.6951,2.3355
2.0963,0.6369
4.7493,0.1092
4.8054,2.0633
3.506,1.061
3.5077,2.9748
8.3339,2.7454
3.2985,3.0137
3.2999,0.0
3.3158,0.6849
4.3599,0.6472
3.787,2.7536
4.1971,4.1946
3.785,2.8045
4.3925,2.3121
3.5264,3.4343
4.867,7.036
3.7689,0.0
4.9285,1.5796
2.3319,1.3038
4.5835,1.4749
3.5695,0.0
2.4966,2.4906
3.3854,3.0928
4.2149,3.1571
3.0952,1.2931
3.3025,2.0833
3.5177,3.5971
7.4914,2.8944
5.1431,2.4963
4.0115,2.4113
4.0073,2.0833
3.63,2.9183
4.6956,4.3972
4.4315,6.9565
4.2106,1.2048
5.8826,1.2346
4.9047,7.0317
3.515,2.3585
4.9698,3.7005
3.0704,2.4331
3.6487,1.0277
3.0614,5.9649
3.559,2.9302
3.8202,0.1724
3.2305,3.6021
3.989,2.965
2.4255,0.0
3.6518,1.4528
5.6271,4.042
2.6503,2.0
4.9872,2.144
2.9026,2.2581
2.2094,1.626
4.8091,2.6721
5.4413,1.7954
3.3988,1.7284
3.6545,2.3904
3.7638,3.6939
3.3945,1.3889
7.2043,2.9262
4.8059,5.3934
3.2055,1.7606
3.1203,0.8881
3.5777,4.0847
4.1217,4.0031
3.2581,3.0909
4.6512,5.1653
6.1768,5.055
4.0409,2.2234
2.5649,1.5152
3.311,3.118
4.305,2.646
3.0727,4.2996
3.8758,2.3529
7.8353,3.0961
3.055,0.8242
2.9167,2.0595
3.4507,2.1841
2.5322,0.2786
3.0949,1.626
3.3765,0.7075
4.8637,2.2049
4.5081,3.0641
3.6141,2.1173
5.2166,7.0919
7.7455,3.0383
3.4818,3.1729
1.8673,0.5376
2.8279,2.5714
4.6728,3.6051
2.4592,3.0111
5.0988,5.7318
4.5281,3.0937
3.92,3.2389
3.4232,1.1236
5.3847,5.3589
3.0825,1.5312
4.0214,4.7667
1.5626,0.0
3.2908,2.812
3.972,0.349
4.3194,2.3121
3.9912,3.1008
3.9982,2.3364
3.6109,0.0
3.0265,1.2739
3.499,4.6753
3.7717,0.2141
3.6463,4.1667
5.2997,4.5805
3.3088,2.0089
6.1161,2.3667
4.4527,2.5253
4.5145,3.4133
3.7054,2.8011
4.1165,4.0571
3.7939,2.6316
3.7923,3.1301
3.9534,1.3043
5.1591,6.0116
2.8622,1.8648
4.0194,0.3659
5.2756,4.1131
3.5562,3.5813
4.7333,2.071
3.0316,2.924
5.3522,1.9676
2.7669,3.6585
3.6618,2.1818
4.4026,4.4628
3.0057,2.0833
7.2103,3.9061
4.596,4.418
3.3881,0.9119
4.6951,7.1404
4.9336,3.1732
2.8478,0.0
6.5781,4.1464
4.831,1.0341
8.2114,2.689
4.5893,5.4565
3.1128,4.5134
3.6662,3.6199
4.3908,3.1734
6.8794,5.149
3.8022,5.9361
3.9037,4.2882
4.2683,0.2841
3.595,2.6353
1.9396,1.845
4.5192,2.8516
4.1841,5.0633
2.8933,2.4691
4.5637,0.9831
6.5721,4.0841
3.5422,2.2147
3.4613,3.3565
5.8338,0.6849
5.07,3.8506
4.8777,0.8312
3.8771,1.8127
3.2894,1.0101
2.0427,0.0
2.0316,1.6584
2.9277,2.0833
3.4599,2.1132
3.4803,0.1869
6.7714,3.6142
4.2357,0.9788
1.0066,2.5316
2.6283,0.3891
4.6194,2.5605
3.3322,1.2346
4.2029,3.125
3.9294,3.8429
3.4889,0.7874
3.7574,3.2046
3.7471,0.9662
4.9321,2.6634
0.387,0.0
4.2522,4.1033
2.8248,0.4505
4.8664,1.1086
4.8067,1.6484
2.9364,2.0374
4.1128,4.6705
4.5973,3.4182
6.8769,4.2552
3.707,2.5168
3.6207,2.75
4.5053,2.1548
5.6108,2.1799
3.9461,3.4117
4.2424,2.9167
0.9803,0.5155
4.8918,0.7565
2.6776,2.706
4.8193,3.2553
4.8363,5.5619
2.1407,0.8785
2.7692,3.6029
3.0571,1.3158
3.3499,0.0
4.6492,2.4155
3.8475,3.8147
1.3985,2.0642
4.5775,2.3607
4.6645,1.399
2.9852,3.5891
4.2865,3.6853
3.1242,2.6706
4.5884,2.0548
2.7726,4.3011
3.8884,2.9036
1.7017,0.0
3.8301,2.6627
2.2662,0.0
4.9013,3.7464
5.4443,3.9296
3.6666,5.2469
3.2549,4.5151
3.6183,1.616
4.9735,1.8579
5.273,0.6873
4.2997,3.4232
3.0639,3.4582
7.2192,4.0961
3.2803,1.9544
2.6844,2.0757
1.7525,1.3825
4.9658,2.8084
3.2321,1.9178
3.7013,1.8987
4.1733,1.0056
3.7842,2.6744
1.8676,0.8032
2.5525,1.9074
5.4103,2.7391
4.2442,3.2023
3.5379,4.7187
4.2893,4.4032
4.3175,2.7027
4.387,1.2594
4.1787,2.6793
2.7262,2.8021
6.1838,4.4344
4.9608,3.0242
1.8224,1.4831
3.6199,1.2232
3.4812,0.6803
4.1386,6.0185
4.0918,3.7908
1.7567,1.4388
2.9791,1.0594
4.1672,3.2529
2.3933,1.005
2.3121,1.8325
3.6179,1.9185
2.1972,1.8519
3.0411,2.1505
1.9294,1.3176
3.4681,3.4653
3.1514,1.8824
3.6297,1.3624
3.0851,1.331
3.013,4.2697
3.982,0.2375
5.572,3.5503
6.2231,4.4707
2.6007,1.2658
1.9157,0.0
3.0994,3.1469
0.8668,2.0367
0.5044,0.0
3.7854,5.2062
4.1423,4.2152
4.0707,2.7778
2.5666,1.5539
3.8027,3.8926
6.8472,2.718
5.3799,1.1574
3.9843,3.3175
3.5373,0.7491
3.1403,3.9264
7.3728,3.504
6.6373,5.5643
4.8326,3.5332
3.3069,2.0913
4.7217,2.449
4.6495,3.8938
4.4308,1.2048
3.2465,1.2146
2.4849,0.8264
4.418,5.533
2.1972,0.0
2.4879,1.6181
2.9869,1.875
1.9285,2.4299
4.577,1.6744
5.4505,5.4717
4.2358,3.6994
4.9431,3.0172
3.4795,2.1201
4.2174,3.2051
3.2426,0.813
4.1009,3.5704
4.0626,3.5011
2.1748,0.7326
4.9253,3.3155
2.5713,0.6897
3.6781,3.1481
3.4064,1.444
3.9212,2.1773
3.1226,2.168
3.4201,1.5459
2.4766,1.8145
4.9868,2.4855
4.4556,4.0905
4.1409,2.5404
3.004,1.1594
4.0372,4.491
3.1726,3.9924
5.7955,4.3692
2.2385,1.9637
3.698,6.3506
2.8685,2.3411
2.4067,0.9585
4.1491,4.4088
3.5347,0.4292
6.5712,3.5054
7.7671,3.7984
2.6608,0.578
3.2841,0.2049
3.0745,1.5504
3.1953,2.1352
3.2152,3.0418
4.72,2.099
1.9702,1.992
3.1034,0.4274
3.7519,1.6026
6.849,3.8219
3.8177,2.9213
4.67,2.8382
4.4243,0.6615
3.7694,3.0556
3.2079,1.7241
6.7318,4.8131
5.4998,4.9627
2.8978,0.0
5.1037,1.7571
5.7038,3.4114
4.2195,4.9751
4.3293,2.9674
3.5538,3.1008
4.0678,3.7313
2.2651,0.3407
5.2483,3.5667
1.5546,0.0
4.254,4.6563
5.2656,5.3412
3.3661,1.9157
3.5361,1.25
2.4271,1.1579
5.4201,6.0226
3.8489,3.4571
3.5657,1.0582
4.6425,1.5564
2.8244,1.2618
4.5643,4.6316
3.8013,3.6563
2.964,0.6803
4.7536,1.7391
5.9551,4.3493
4.054,0.4415
4.2991,2.5031
5.4004,3.9909
4.8626,4.3406
3.9938,5.7719
2.9892,4.7235
2.645,2.5478
3.2242,0.5525
2.8815,4.4077
4.3175,5.1158
1.7117,0.0
2.5911,2.0253
6.2854,4.5663
2.5235,2.1792
3.5775,0.9375
5.4876,3.5615
5.2553,2.6235
4.2389,5.0732
4.9005,2.0354
5.4191,3.7092
1.6085,2.9656
2.8455,2.9221
3.9149,5.2326
4.3535,4.1531
3.6661,2.6247
3.7519,0.0
4.8203,1.2195
1.8556,0.8147
3.0204,0.0
4.5199,2.4611
3.472,1.2821
5.8169,1.9834
3.6998,2.5357
4.858,4.9571
5.0499,5.2419
2.9042,0.0
3.8991,1.3294
3.8781,1.0563
3.4657,0.0
1.1627,2.439
2.7706,2.1209
5.2679,2.3725
3.2738,1.1574
1.9879,0.0
3.5858,0.7126
5.2135,1.7413
3.8236,3.4364
6.1479,4.2582
2.6306,0.0
1.4655,1.9802
4.1861,4.723
3.1033,2.4142
2.4769,0.4367
4.4169,2.6367
3.8622,3.681
3.8276,3.5595
2.3178,1.4006
3.2616,0.7246
5.2413,4.0155
3.566,2.1818
4.5006,4.8917
3.4307,5.2316
5.003,2.5208
2.803,0.8511
6.3663,6.8658
4.6268,6.1995
2.8943,1.6736
3.4864,2.1053
1.5365,2.1084
2.8163,0.9091
3.1061,1.5625
3.4576,4.4578
4.3094,1.5085
7.1984,3.118
2.7726,0.0
2.9444,1.2626
4.2431,7.286
4.1855,2.3876
3.8572,3.3094
2.1377,1.0695
4.0004,2.873
5.0888,3.9702
3.651,1.4259
4.491,3.043
5.4308,1.9062
2.4655,0.7143
3.4095,1.4245
5.2396,1.2793
4.9317,3.9745
5.78,5.0736
4.8299,6.2802
4.4053,3.5636
5.6232,3.4784
3.3404,1.9774
3.7689,1.8373
2.7864,0.7299
3.3795,3.4005
7.3542,3.6771
3.0639,0.5764
2.9779,2.2082
3.3754,1.6667
3.4414,2.2901
3.5803,3.0871
2.9295,2.0859
0.9871,0.8955
4.2867,3.1686
5.3462,0.1916
4.4412,3.1297
3.7023,3.1128
1.3508,0.6957
2.5314,0.6173
4.9339,4.2387
1.8844,3.5433
4.0715,2.3544
3.7626,2.0979
3.4228,1.1673
2.7774,0.4373
3.863,2.7586
3.0051,3.5831
3.6847,1.4306
6.8965,3.5278
3.53,0.3697
2.9546,3.7234
4.4479,2.7632
3.5553,1.6807
3.3195,2.649
3.5361,2.75
2.9001,1.4715
3.1518,5.4212
3.9986,1.6904
3.9335,1.6639
4.0623,3.5022
2.9653,1.087
5.3192,2.8431
4.9617,2.8202
2.9463,0.198
4.1769,1.5584
1.826,3.1646
3.111,0.5181
4.5433,1.3441
2.5564,0.0
2.5692,4.9225
2.607,0.2342
4.9675,4.3118
3.123,0.3289
4.3325,2.8394
4.5281,5.4595
3.6636,0.8772
3.8628,0.0
4.7152,2.7116
4.8235,3.5656
3.4545,2.7972
4.8587,3.2402
2.7951,2.071
4.9539,5.0687
4.3599,2.9126
5.3579,1.7642
3.5967,2.5735
2.0186,0.8511
2.3589,0.0
3.3427,2.3707
6.084,4.5226
3.9683,2.9412
3.3271,3.4574
4.0468,4.7014
3.0413,1.3378
3.8214,3.4826
5.1591,1.5414
4.285,4.1899
3.1029,2.2277
3.2088,0.0
1.9124,3.2381
4.3211,2.5944
5.9758,4.955
4.3438,3.5088
5.8884,1.377
3.6781,1.8519
3.195,2.9126
4.2932,3.8781
3.6109,2.0833
3.9387,3.3294
2.7801,3.6337
3.123,2.193
5.6583,3.0338
3.4484,3.7767
3.4633,1.99
4.0283,3.6254
3.2136,2.3679
2.0558,1.129
3.1409,0.1883
2.7384,4.8632
3.6781,1.9444
5.1456,2.5391
4.7293,6.1744
2.353,1.8116
1.975,0.5556
7.3725,3.3824
4.1312,2.6822
3.2426,3.523
4.9151,1.2808
4.3673,2.1413
3.1542,2.7132
4.4779,3.0809
3.3787,1.1765
3.0865,0.9569
4.1961,3.2751
5.3201,1.1144
5.2983,1.696
2.2444,0.5155
4.2236,2.3121
4.5287,3.6706
2.4495,3.2191
4.0268,3.0257
5.6858,1.4352
4.1771,3.2997
4.0855,1.9115
4.6936,5.0038
3.3228,0.9843
3.6831,3.1746
2.4159,0.0
3.9582,8.2301
4.6713,4.3307
5.3433,4.8629
2.1228,1.3158
4.0287,2.3296
2.3801,0.6579
5.6034,4.465
4.0692,4.5377
3.0539,0.8161
7.3922,3.7014
4.321,2.2442
2.3868,1.3348
5.0151,3.2294
3.185,0.9592
4.7283,2.3194
2.1251,0.4471
2.3125,0.1832
3.6558,3.4483
5.8881,4.9643
4.0094,3.0801
4.2131,1.5962
6.0115,2.8248
4.392,3.8847
4.8186,1.8431
4.7641,0.9927
4.9723,3.7413
4.9231,2.0017
5.5478,4.9544
3.8532,3.2508
3.0397,1.7588
3.5099,3.7671
5.1272,5.0505
2.8241,1.3176
1.7352,1.4118
2.3842,0.0
4.494,4.0786
4.4741,3.2949
2.8332,0.4808
4.9836,0.9195
5.2862,2.0346
3.4768,2.4691
2.8159,1.061
2.0332,1.9231
2.3622,2.526
4.0943,0.0
2.0794,0.0
5.2353,4.621
3.5129,0.2793
2.1879,1.0526
5.2715,5.7522
4.0532,2.5116
3.8323,0.369
2.5649,1.1364
1.9036,0.0
4.94,2.2727
2.6637,4.7297
4.2983,0.5906
2.8016,1.1407
3.7817,1.8135
2.4744,0.0
3.0425,1.0438
5.1659,5.0301
2.4443,1.1334
1.4187,1.7544
4.4143,3.6753
4.4492,3.4166
5.0463,3.3813
5.656,2.3977
5.2071,2.6751
3.421,0.0
3.6593,0.4405
3.5264,1.2121
3.4089,0.7895
4.4049,2.35
3.1928,1.3761
4.3118,3.4951
4.0986,5.2803
4.346,4.1575
4.3839,3.4985
4.3212,1.8699
3.9841,5.4411
3.7246,1.573
5.096,3.5656
3.363,2.6906
3.349,3.8314
2.5891,3.69
3.4702,1.6055
2.1536,1.8759
2.8717,0.8
3.9432,2.9654
4.879,4.7893
4.7869,1.423
2.9678,0.0
3.5319,1.0043
4.3652,3.2904
3.2613,4.8173
1.2668,0.0
5.4043,4.0181
3.4404,0.9934
5.0156,3.0885
1.6269,1.6129
4.8526,0.7264
5.0999,1.3804
2.1504,0.0
6.8306,3.4528
4.1831,2.6549
3.8994,2.584
4.3894,3.4738
4.6499,2.8966
4.0194,2.8963
3.065,1.2766
4.3027,4.6639
3.2,1.983
4.361,1.4368
3.6109,2.0147
4.6895,2.2263
3.091,3.3613
2.9051,0.3861
3.2806,1.9538
2.3594,0.1355
4.383,2.821
7.2628,3.9362
3.8276,2.4364
2.9989,0.6557
2.9331,1.8072
2.6426,1.1494
4.9965,2.757
4.8817,3.6026
2.2775,1.9231
4.1205,0.8738
4.681,2.5731
3.8388,3.881
2.3723,0.5714
2.8332,0.6944
2.6247,1.0417
3.1659,3.229
2.7104,1.5267
1.4749,0.7236
7.0058,2.7323
3.6167,4.5365
3.7426,2.5105
0.8463,0.0
3.7459,0.4651
5.3361,4.2574
2.3671,0.6897
4.5759,3.3526
3.8528,3.6585
3.6313,2.8497
1.9221,0.7533
4.3761,3.8981
3.6059,3.6194
2.096,0.0
4.8402,4.0637
2.7167,1.2308
4.051,4.7504
6.9348,2.8958
5.0259,3.2537
4.1611,3.6199
4.3315,4.3671
2.9001,3.5189
4.9217,6.4088
4.9245,3.7054
3.6889,0.641
4.1897,2.2378
3.3219,0.5348
1.8566,3.6298
4.0902,3.7082
3.336,3.5922
5.179,4.8159
4.0221,5.141
5.1716,5.7458
2.8834,2.5926
3.989,2.6954
4.1017,2.0188
2.2657,1.3995
4.1346,1.1264
3.757,3.6957
4.4659,3.5412
5.006,4.1133
5.1948,5.6227
4.3652,0.1431
2.8422,0.9524
4.5027,3.8325
4.9599,1.7657
5.354,5.7749
5.1588,2.0718
2.3088,0.0
3.9771,4.0849
3.4139,1.0471
3.4167,2.8373
2.0819,5.0279
3.0319,0.2667
3.2911,3.9643
3.8558,2.6357
4.7247,3.9256
4.7068,2.805
7.5829,3.9676
3.7612,0.0
4.9102,1.9802
3.4404,2.649
5.5607,6.3261
3.2561,3.1646
2.1381,0.1468
3.4864,1.0526
3.3884,2.6622
3.4579,2.168
4.0578,1.4885
5.1319,3.3663
3.9244,4.1982
5.6548,2.6932
3.5695,1.9324
3.0262,1.2136
4.5565,2.9178
4.9395,3.677
4.0013,0.8282
3.035,2.3088
2.7669,0.6098
2.8904,0.0
3.4774,2.7888
2.7847,1.8282
5.7564,4.7191
3.2798,0.5587
2.94,2.093
2.4705,2.3747
6.4003,2.9651
1.8365,2.0833
4.3567,4.9587
3.8501,0.0
4.4243,4.5983
2.665,0.7874
3.642,0.5979
4.5444,0.7519
2.0573,2.3529
6.8966,0.9243
4.0454,2.9691
4.6444,1.5534
2.2285,0.0
3.3076,2.5907
4.5595,1.9041
2.932,3.6424
8.2564,2.2828
2.9729,1.8957
3.8286,1.1111
3.225,2.5478
5.675,4.1308
2.1158,4.1682
4.2581,5.4844
3.1018,1.5695
3.912,3.2967
3.3569,2.1661
7.141,1.3701
2.3222,0.1195
3.8021,1.4173
2.0053,2.0513
5.3429,2.8228
3.8592,2.7692
4.7147,2.1964
2.9128,2.8721
4.6292,4.0845
3.0006,3.0405
2.1662,1.2945
5.2134,3.9875
5.7654,4.7384
4.6769,3.2694
3.4366,1.3298
3.9202,2.8571
4.4092,1.4778
6.6818,3.447
3.9457,3.9437
4.5629,4.3675
4.0751,3.4568
3.7579,3.7543
5.9586,1.6096
3.0732,1.6173
4.4852,2.8947
2.1939,1.1407
4.3307,5.6667
4.0872,0.7317
5.3996,2.4606
8.4593,1.87
6.4099,2.3436
1.6671,0.7673
3.8232,0.5587
2.1917,0.0
3.6091,2.4119
4.8106,2.8736
4.9476,2.9797
3.3184,3.3237
3.93,0.9542
5.9925,4.6853
4.1317,8.3916
4.1211,3.0928
3.6972,3.6017
6.4628,3.7299
3.8459,2.1834
4.6686,2.558
4.6399,2.7007
5.9626,2.5798
4.8694,4.9374
2.9823,2.1352
4.5109,3.1746
2.76,1.3514
4.4436,2.1804
4.2293,1.642
5.3571,6.1582
5.1426,4.4074
3.7887,4.3981
4.2658,1.8987
3.4226,5.312
3.5158,0.8753
2.4766,4.1331
5.7038,3.7068
2.7664,3.3186
4.7973,2.3449
4.8947,2.577
3.8116,3.7688
4.9334,3.7306
3.8482,3.5644
3.3393,1.9608
4.273,2.4505
2.3716,0.7353
3.6133,2.4096
6.3824,3.1403
3.8677,2.1352
2.4061,3.9746
5.719,3.4256
5.0826,6.159
1.02,0.3279
4.2399,1.6569
2.7716,3.6598
3.885,1.3986
2.6261,3.8363
2.2548,0.0
4.8417,3.0151
3.2484,0.0
3.2292,4.7328
5.1227,5.8694
5.1295,3.3603
2.5337,1.7241
3.8321,2.4476
3.4417,1.7196
2.6247,0.0
3.8243,3.5714
2.8727,0.9464
4.1172,3.5669
2.848,1.2847
3.3486,3.0812
4.7121,4.2098
4.3251,2.682
4.5509,2.0122
3.9512,6.3492
4.3655,2.3906
4.6532,3.4049
1.3725,1.1194
3.9797,1.9048
1.2923,1.4563
3.1246,1.1494
4.1092,1.1686
3.2708,4.0205
4.2086,3.9128
3.5115,2.967
5.2743,4.556
4.1871,1.2853
4.4233,2.7314
4.4749,6.0082
3.5533,0.4211
2.2687,0.4808
4.2882,3.0162
6.5836,3.6467
6.646,2.8139
4.0655,2.7721
3.5151,5.074
3.6109,0.0
3.3194,1.3405
2.9601,0.5464
3.1685,1.996
5.1725,2.4365
5.6033,4.8091
3.6109,1.3889
4.2771,1.9945
3.875,1.8304
4.4864,1.3667
2.9488,1.3825
4.1378,3.5135
3.4263,1.6
2.5024,4.3243
2.985,3.4221
5.4585,3.5651
2.0844,0.0
4.4868,1.1385
2.1446,0.0
5.7667,4.103
4.1057,0.4188
4.2747,2.2177
4.0538,4.2685
2.8359,0.8499
4.1606,0.7042
4.4485,1.4793
4.2505,1.8595
1.9671,0.0
5.1936,1.3027
4.6944,4.7912
4.68,2.1614
3.7524,5.1051
4.8219,2.2727
3.415,0.8499
3.5005,2.4896
3.813,3.0645
2.4669,0.3311
4.2945,2.8885
4.8336,2.5668
3.1042,2.3483
3.5091,3.599
3.8541,4.1949
4.2399,2.6316
3.4095,1.1396
4.0168,2.0734
4.0134,0.6135
4.9641,2.6215
3.7244,2.7473
2.8969,3.4364
3.3232,1.1682
3.0585,1.8248
2.2057,2.449
3.0603,0.5464
3.5795,2.6166
5.4087,4.1379
3.8277,1.82
2.5078,1.9704
3.6253,2.1006
4.4072,1.7995
3.5715,3.719
3.4249,2.288
4.3962,3.7433
2.9645,1.4644
4.852,3.4308
3.8214,3.0917
5.1619,2.2334
4.5477,4.0932
4.4485,3.6982
5.4535,2.5184
4.6681,5.9716
3.3224,0.6803
5.2316,4.6749
4.3408,2.335
4.3728,5.0256
5.0845,1.5576
2.7612,0.0
2.2187,1.7857
3.1294,4.2553
3.3464,0.9732
2.3529,1.7321
3.8359,2.2059
6.2018,4.7702
4.6868,1.5349
2.801,1.8479
2.7663,0.2237
4.0121,3.5887
1.8315,1.8041
4.1658,6.2587
3.4579,1.2195
5.5555,2.3717
4.4856,2.5836
5.2953,2.5202
3.9674,1.9288
4.1866,4.9383
2.9506,1.9481
4.2275,4.576
2.5111,1.2048
2.2414,0.915
1.8844,1.5748
5.5797,3.5859
2.7473,0.4566
3.0858,3.5568
4.5864,1.8382
3.1955,1.4778
3.2465,0.0
2.52,1.875
1.8894,0.9785
3.2601,3.3613
4.4543,0.0
4.5145,2.3985
2.5165,0.0
4.377,4.3257
4.4833,3.8306
5.0814,1.875
4.0837,2.4922
5.0863,3.9129
5.1985,1.1111
4.1979,0.8322
2.2636,1.3652
2.3858,3.3408
4.5663,5.5154
4.8432,2.0854
3.7278,1.4493
4.9825,2.9919
4.3623,4.1162
2.7532,4.8616
3.1751,0.0
2.3734,0.0
4.8428,4.5348
4.3529,3.781
4.2453,3.7695
4.7993,2.6097
1.8341,3.5714
4.8226,1.0429
4.237,4.0078
4.6913,3.3069
3.7158,2.1542
3.5708,1.1842
3.4454,2.3379
4.8073,1.9769
2.3004,4.284
3.3483,0.9934
5.5645,4.8077
3.876,2.3616
2.393,1.087
3.8214,0.7463
3.4858,2.6022
3.5207,5.5152
2.9774,0.9756
4.382,5.1899
4.1431,2.0737
4.3522,4.3053
3.9053,0.0
4.6303,3.5578
3.964,2.1935
5.114,1.4113
5.1761,4.8864
4.8214,2.2042
2.8603,4.0486
4.2546,1.0288
3.0937,0.2793
2.8975,1.6949
4.8363,3.6
2.2871,1.6149
2.8047,2.8011
2.9633,6.0443
4.6903,6.0762
3.3178,1.2218
4.151,5.4
3.3011,2.1858
4.9591,4.5133
4.6755,3.4946
6.5676,3.131
4.3307,2.4762
4.7144,5.2192
4.0136,5.0955
3.3367,0.9217
3.0714,2.0833
4.1972,1.1996
2.8727,0.6309
3.8918,3.2051
3.1527,0.0
4.9904,5.4795
4.9995,1.5837
0.2766,0.0
3.6889,0.5698
3.5914,5.0607
2.4421,4.157
2.8457,1.5748
4.2113,0.6689
4.6734,4.3816
3.3994,3.1511
4.5893,5.4252
3.8122,2.6365
4.7557,4.3384
4.2454,3.4268
4.5295,3.1153
3.1953,0.3559
2.2611,0.9862
4.034,4.0665
4.3175,4.3243
5.097,3.6916
3.4012,1.3263
3.867,4.1667
2.7726,2.716
3.2281,0.6349
4.6932,5.5453
4.3373,0.4967
3.5914,1.0121
4.5061,1.7544
2.9267,1.4151
5.0332,2.7179
4.3041,3.1963
3.973,1.0959
4.5268,3.1619
6.3285,1.6836
2.8412,2.2535
2.1963,2.3041
2.7101,4.4543
3.8501,1.087
2.48,0.0
3.4187,2.328
3.8622,2.454
2.9984,1.6575
3.8902,3.005
4.6985,4.1879
2.6593,1.2903
4.3588,3.0586
4.4432,1.813
3.1976,4.9327
5.8054,3.3827
4.448,2.815
2.93,3.3333
4.694,1.759
4.6368,3.862
4.2556,2.6978
2.9659,2.2364
6.5993,1.4313
3.5584,2.0062
4.0498,2.1828
2.785,0.9868
4.8377,4.6478
4.69,4.2384
3.7603,6.101
4.0673,2.9036
3.5401,3.1634
3.3096,0.4739
4.3347,3.7185
3.9703,1.0577
3.4532,0.9804
3.8622,1.9427
3.0681,3.252
3.8726,2.1246
4.3307,2.2222
3.4447,3.5714
3.573,0.3123
2.6753,2.5203
3.5288,0.2519
2.7473,1.3699
2.4696,3.7815
4.9986,0.6793
4.2081,3.252
3.8827,2.4922
4.9488,5.5952
5.3143,0.989
3.1589,1.2097
2.2622,1.0217
4.4866,6.0041
4.5244,3.2881
3.6121,1.6888
2.9628,0.641
4.2195,3.7811
2.6474,1.1958
3.5737,1.528
4.9303,4.245
3.9876,1.3996
4.6085,1.0067
2.4308,0.0
0.6563,1.2987
1.1156,0.0
3.3615,2.2754
8.1044,3.8301
4.3406,0.8251
5.934,3.3755
3.9357,2.1912
4.1155,2.7844
4.1697,4.0956
3.5081,1.1876
5.7239,4.5885
3.3381,0.9202
6.5854,3.5653
1.6786,1.7123
3.275,0.0
4.353,3.1657
6.313,4.4877
4.9634,3.7537
3.917,0.5076
3.9451,2.3318
1.5161,1.5291
1.8284,0.5714
4.6532,4.1081
3.7568,0.0
3.1407,2.2355
3.1256,0.4175
3.5095,2.4167
3.816,2.8436
4.314,3.8915
3.5094,1.7621
5.4113,6.0935
3.5396,0.2717
3.8161,1.6077
3.1507,1.8421
4.2747,3.0746
3.6576,2.7495
2.5374,1.5152
3.652,4.3159
5.2963,2.9708
3.9273,4.0185
5.543,3.7156
2.0876,0.4666
3.6957,2.0833
2.7905,2.1384
3.6363,2.3196
2.9444,0.0
2.9139,0.0
3.7495,2.8614
2.3926,2.9014
3.8017,2.5381
5.3636,4.4034
6.3886,3.5354
3.8624,3.5028
4.5415,0.5386
3.8186,1.3817
2.7489,0.0
1.8646,0.9452
4.6868,2.0155
4.313,3.9216
5.989,6.0511
5.198,2.855
3.146,2.5198
3.5223,2.0747
2.9145,4.7259
3.0386,0.0
3.6012,1.9038
3.0531,1.8018
3.8147,0.2049
4.1722,1.7897
3.6376,1.8919
5.373,4.6917
4.2437,1.2945
1.8036,0.0
3.4539,0.0
3.2493,1.8349
5.1417,4.8109
4.7618,3.3805
3.1661,3.1447
3.5051,1.7699
2.8593,2.4316
1.9798,0.5525
3.0719,0.4049
3.7349,2.6341
2.951,0.3448
2.8304,2.6866
5.1739,4.2901
5.0084,3.5874
2.5347,3.1779
4.1396,2.1583
7.3485,3.8876
2.4709,0.0
3.434,1.6667
5.5674,5.3871
3.3393,0.4902
3.9442,1.0772
2.7983,1.0811
4.1063,2.8826
3.5729,3.989
2.9695,0.1866
0.7004,0.7194
4.2478,0.2175
6.3722,4.0803
2.9628,3.5256
3.1472,2.3058
4.9409,5.3276
3.9658,3.5227
5.3266,4.8329
5.1579,3.8194
3.2734,4.3307
2.482,0.0
2.5704,0.1167
4.0979,2.4125
2.8025,2.214
3.2535,0.6431
4.5117,2.3911
3.8611,3.9528
6.0919,3.8072
4.5892,2.4808
6.5774,4.4755
3.4195,0.3759
4.1953,5.1625
5.6626,5.9063
2.5953,1.0753
1.3996,0.0
2.5102,3.9845
3.825,2.6022
3.9396,1.3889
4.7633,1.8944
3.8522,3.9256
4.5433,3.2258
3.7436,3.3333
2.4006,3.3233
5.1282,3.7479
5.7551,2.2554
2.6637,0.3745
4.5428,0.5635
6.02,2.8184
3.7612,1.1905
2.5089,0.738
2.8651,3.0826
2.988,0.8746
4.0971,3.5211
3.3878,3.7296
4.6408,3.4105
5.1636,2.0713
2.4886,1.194
4.1352,4.4715
4.4072,3.6032
4.6444,2.2654
5.1862,0.4419
3.6898,2.5618
3.1023,0.5882
3.8413,1.6774
4.1497,0.4005
4.151,3.3143
5.7765,4.5506
4.208,3.0201
3.649,4.065
5.425,2.4336
2.7767,0.885
3.1641,2.2059
4.5806,4.5858
3.1623,0.5525
3.7036,2.9992
4.6347,1.3072
3.3814,2.2774
2.1907,3.3333
5.1533,3.8206
4.6821,3.8718
2.6179,0.7678
5.0039,2.027
3.8972,2.9006
4.0681,3.675
2.4811,2.4896
2.2172,1.6667
6.5133,4.6253
2.1804,2.8662
3.4597,4.7441
1.508,2.5974
7.4532,3.4681
5.1029,3.4404
4.3086,3.1061
3.0889,4.0909
5.1756,4.575
3.7809,3.3333
2.151,4.7757
3.6376,2.3649
3.3702,3.5608
4.5465,3.0755
4.9698,3.0969
4.5211,5.132
2.5148,0.8
6.1127,1.5694
1.674,0.0
2.457,1.0299
4.6813,0.5952
3.5202,4.3339
4.8283,0.5376
3.8544,2.3088
3.9617,2.8219
3.6288,1.3636
3.4885,1.8242
3.58,2.1505
2.4849,0.3636
1.6712,0.5089
4.804,3.6206
3.8078,5.1374
4.6672,3.9848
3.1499,0.4975
4.0286,3.4596
4.7185,3.3033
4.451,3.457
2.3606,3.8655
1.9694,2.4324
3.4012,2.8213
7.6215,1.8832
2.7389,0.813
2.2478,0.7874
4.9472,1.5501
2.9549,1.6484
3.3393,0.7353
6.7665,4.2187
5.016,3.3378
4.5773,1.6883
2.4692,1.0163
6.466,3.8723
1.847,1.5799
2.6322,1.476
3.6352,3.202
3.8417,3.0565
4.3783,3.6849
3.4294,2.6316
5.9166,4.8271
3.1976,2.4664
3.0445,0.3333
3.4922,1.3453
4.1378,3.2432
4.8465,2.0586
2.1951,1.9277
5.656,4.5614
3.6636,3.7152
7.8796,4.5387
2.9117,1.5974
3.3059,1.0381
7.2698,3.7323
3.6924,4.562
2.9631,4.8638
2.2542,2.7062
5.1749,3.9191
3.7377,1.355
3.6488,0.7634
3.6742,4.5553
3.4355,2.5357
4.3268,5.4886
3.1987,0.8511
3.6481,2.6738
3.45,1.0246
3.3953,0.6122
5.8511,2.9571
5.7301,3.3814
3.0064,1.8587
3.9294,1.5038
5.082,3.0097
4.4898,3.5187
3.8862,2.0952
6.1252,3.5616
4.8658,4.4866
4.3175,3.8378
4.4248,2.7273
3.4404,0.6623
2.6897,1.3245
1.9979,1.2069
2.9139,0.4098
3.5361,1.75
2.6662,2.682
1.914,3.0418
4.1239,1.9737
3.0199,3.8743
2.8461,1.4905
7.3022,3.3989
4.6764,5.9982
4.7714,4.3416
4.3473,3.3217
3.3852,2.8381
5.8133,4.2349
1.8935,0.0
3.4012,2.2989
3.4556,3.9581
3.6574,2.5221
3.2131,0.5988
4.5196,2.7166
4.2963,2.3669
4.4085,4.0493
3.8991,1.3294
4.7035,4.7256
2.4336,2.5641
6.3665,0.5164
4.723,2.6906
2.4245,1.174
3.6652,1.9704
3.0647,1.7483
3.5047,3.0986
4.1411,1.5152
4.1589,1.1544
3.9147,4.9277
2.5462,2.9326
3.5018,2.3766
2.2222,1.105
2.06,1.1236
2.3136,0.0
3.7173,2.682
3.8343,3.928
4.2674,3.5808
6.2271,3.1199
3.5439,1.3889
3.4879,3.3498
3.791,2.3095
4.7289,3.7147
4.4516,1.9821
5.057,5.0841
4.6747,2.0716
4.6066,1.8732
5.2943,2.4218
5.0653,3.8113
3.6363,3.9948
2.6391,0.641
4.1614,6.3757
3.4763,3.3368
3.5389,3.2764
3.3552,3.9783
2.4216,1.4989
4.5951,1.7493
4.671,5.8601
3.8877,3.7657
3.666,5.4375
3.9496,0.8183
3.5073,0.6623
2.0316,3.9801
3.1478,5.609
3.0632,3.2866
3.3701,3.7037
2.0258,1.1686
2.7763,1.8592
3.7257,5.487
4.4485,4.931
2.8363,1.8033
5.3435,4.2617
2.2068,1.0753
2.6626,1.7857
4.5218,0.0
5.2257,3.6036
5.4511,2.0792
4.2728,1.9639
3.585,3.1532
2.8,3.0576
4.4268,0.4032
2.2781,2.3622
2.6546,3.4081
4.6705,3.2309
4.2662,2.847
5.2572,3.9935
3.8812,1.3261
3.8003,3.7037
7.5432,2.3127
4.7871,2.4336
4.5591,4.4596
4.9756,0.6952
4.1862,3.9786
5.6728,5.0271
4.2111,1.828
3.2542,2.8112
4.5629,1.9578
4.0047,3.7135
4.824,2.3758
2.7973,0.6494
7.1016,1.7786
2.9322,1.2987
4.8442,0.3968
3.9313,3.7736
4.6681,2.8436
2.6866,0.3322
3.0191,4.3243
2.1138,3.5451
2.8184,0.5291
2.8956,0.0
2.983,5.2169
1.4053,3.2143
5.8547,3.217
5.1818,2.5424
2.8933,0.0
3.3194,2.1448
0.8951,1.4056
2.3909,1.4696
4.5578,3.9735
4.8336,2.139
3.6291,6.325
2.8793,2.1583
4.1799,4.3285
3.5568,4.2584
1.8863,0.0
3.6476,2.0382
4.3251,1.1494
5.7024,3.8178
4.3426,3.7126
3.5667,0.969
4.0047,3.9788
3.7595,4.2589
4.398,5.2491
5.0283,3.7363
3.269,0.2825
2.75,0.9756
2.5576,0.8
4.0888,4.7348
3.1209,0.8791
4.3113,1.569
1.5178,1.741
2.9768,2.0134
4.6818,5.7552
4.0617,3.8798
3.655,3.7611
2.3435,1.0502
3.0793,0.7848
4.7014,3.9413
5.3338,0.866
3.7587,4.6036
1.8845,1.99
4.3095,1.3624
5.0352,2.357
4.2382,3.3473
3.3521,3.1746
5.9166,2.8367
2.1997,1.9178
5.5851,3.1669
4.3602,3.5686
4.2156,4.3375
2.165,0.6944
3.4735,2.4
6.5651,3.6612
3.8884,2.439
5.0015,2.9028
2.4931,4.4554
4.0592,4.7679
3.6575,2.0249
2.7697,3.3435
4.757,4.3328
3.6542,1.4493
4.2662,4.6263
2.7233,0.5405
4.1123,5.7164
4.5065,3.0506
5.3812,1.4861
3.5648,1.9417
3.8867,3.2162
3.0259,2.9057
6.9767,4.6012
4.5901,3.5897
3.3051,0.0
5.192,2.5163
3.9837,1.4905
5.2883,3.4808
2.2932,2.7944
2.5332,3.5071
4.5092,1.6267
1.1098,1.6667
3.6477,2.4691
3.337,2.2113
3.2162,0.5571
4.1109,1.0
4.134,0.9302
4.5163,2.5783
3.3277,0.4651
4.2939,0.346
3.2859,2.0725
3.1439,2.1277
3.1725,1.1662
5.3936,1.9787
2.9694,1.5152
3.7992,0.7634
4.6688,6.0893
3.4059,1.4706
5.5157,4.1546
5.1815,4.7754
8.0161,2.6269
4.6881,3.9891
2.3308,2.3077
3.2533,3.7688
4.6075,2.9457
2.5284,0.0
2.9356,4.9844
4.0188,4.0765
2.3826,0.8475
5.9981,2.6058
3.3507,0.346
2.226,0.0
2.4681,0.6173
4.1829,1.0327
4.3503,1.3072
3.3182,1.0438
3.582,0.3052
4.5282,3.871
3.6122,2.2457
6.715,2.8469
1.6852,1.6791
3.2189,1.6667
3.4579,1.4228
4.1897,3.4615
3.5553,0.0
2.6846,1.9108
2.2863,0.365
3.7173,2.1073
7.3626,2.4127
4.2207,4.472
4.4298,1.608
2.7416,0.1681
3.5115,1.5385
2.7427,2.6316
5.4116,4.6637
3.122,1.773
4.7707,4.2735
3.3435,2.995
2.9916,0.4405
4.5344,2.17
4.5908,0.7321
3.7331,2.6838
3.841,2.9258
2.3092,0.0
3.2997,2.621
4.1575,3.9017
4.4792,2.1989
5.2326,3.0675
1.9108,0.5725
6.9736,3.7826
4.9962,4.7665
4.1997,3.2149
3.4368,2.6734
4.9828,3.1442
4.3613,3.9705
3.7248,2.0913
2.0053,0.5556
3.1201,2.7919
2.1874,0.8333
2.7355,0.578
4.9904,3.5103
4.8495,6.2074
4.6033,2.7198
3.7594,1.6514
1.9394,2.6718
3.2533,3.0151
2.6224,3.8153
1.6974,1.7937
3.8445,2.0408
3.9828,2.4051
4.417,3.0075
4.0872,2.9268
3.3742,0.0
2.2995,0.3484
2.7918,0.9009
4.8022,3.7718
5.275,3.0864
4.5643,0.7018
4.2047,1.9697
3.0268,2.1448
4.6992,3.9808
3.0372,0.0
3.3344,1.1547
4.2751,2.8997
3.1781,0.2899
3.9165,3.8375
5.7969,4.6127
2.8622,0.0
4.8737,1.849
3.9211,2.2059
3.3322,0.463
3.1335,1.6563
3.7867,2.0619
4.3567,1.443
3.4617,3.662
5.4355,4.2907
4.7014,3.8497
4.1352,0.4065
3.7887,0.9259
5.3214,1.7349
1.6461,0.5249
3.2892,0.6916
3.7527,2.1834
3.0325,0.0
1.6713,0.9852
3.9061,1.9772
6.9042,3.0138
2.9864,0.3937
3.8501,0.6522
4.8176,0.9511
4.9119,2.7428
4.4909,5.3288
1.5858,0.6438
4.1389,5.5076
4.7542,3.3604
1.493,2.2293
3.2823,0.7092
5.0361,3.7612
4.6559,3.6468
2.2949,1.3547
5.9353,6.7803
2.0963,2.3355
3.5034,0.4231
4.1769,5.8321
4.4568,3.772
2.584,0.2915
2.3638,0.5464
3.6006,2.5401
3.3112,1.1041
2.2959,0.7463
2.3168,4.2969
3.3722,1.1844
2.6011,1.7422
4.3267,4.7374
3.8271,2.8617
4.6217,0.9461
3.3515,2.4202
2.4551,0.5525
3.6721,1.7391
3.4253,4.9327
3.3734,4.0558
4.5695,3.6649
3.6602,2.411
3.2246,3.1065
3.7796,3.4268
4.4102,1.5817
4.4082,2.3112
4.3509,2.019
4.3503,3.3613
4.3431,2.4948
4.6607,1.3643
3.363,2.9148
3.6779,4.295
4.587,5.2126
5.0066,3.1823
3.1987,0.5319
3.1604,0.2331
2.2935,1.7857
4.3936,5.588
5.0684,4.1161
3.6763,4.7619
5.0503,4.6062
3.4369,1.2085
4.5035,2.2388
2.3653,2.3789
